,team,season,team_obbs
0,Los Angeles Lakers,2000,0.8170731707317073
1,Portland Trail Blazers,2000,0.7195121951219512
2,Indiana Pacers,2000,0.6829268292682927
3,Utah Jazz,2000,0.6707317073170732
4,Phoenix Suns,2000,0.6463414634146342
5,San Antonio Spurs,2000,0.6463414634146342
6,Miami Heat,2000,0.6341463414634146
7,Minnesota Timberwolves,2000,0.6097560975609756
8,New York Knicks,2000,0.6097560975609756
9,Charlotte Hornets,2000,0.5975609756097561
10,Philadelphia 76ers,2000,0.5975609756097561
11,Seattle SuperSonics,2000,0.5487804878048781
12,Toronto Raptors,2000,0.5487804878048781
13,Sacramento Kings,2000,0.5365853658536586
14,Detroit Pistons,2000,0.5121951219512195
15,Milwaukee Bucks,2000,0.5121951219512195
16,Orlando Magic,2000,0.5
17,Dallas Mavericks,2000,0.4878048780487805
18,Boston Celtics,2000,0.4268292682926829
19,Denver Nuggets,2000,0.4268292682926829
20,Houston Rockets,2000,0.4146341463414634
21,Cleveland Cavaliers,2000,0.3902439024390244
22,Brooklyn Nets,2000,0.3780487804878049
23,Washington Wizards,2000,0.35365853658536583
24,Atlanta Hawks,2000,0.34146341463414637
25,Memphis Grizzlies,2000,0.2682926829268293
26,Golden State Warriors,2000,0.23170731707317074
27,Chicago Bulls,2000,0.2073170731707317
28,Los Angeles Clippers,2000,0.18292682926829268
29,San Antonio Spurs,2001,0.7073170731707317
30,Los Angeles Lakers,2001,0.6829268292682927
31,Philadelphia 76ers,2001,0.6829268292682927
32,Sacramento Kings,2001,0.6707317073170732
33,Dallas Mavericks,2001,0.6463414634146342
34,Utah Jazz,2001,0.6463414634146342
35,Milwaukee Bucks,2001,0.6341463414634146
36,Phoenix Suns,2001,0.6219512195121951
37,Miami Heat,2001,0.6097560975609756
38,Portland Trail Blazers,2001,0.6097560975609756
39,New York Knicks,2001,0.5853658536585366
40,Minnesota Timberwolves,2001,0.573170731707317
41,Toronto Raptors,2001,0.573170731707317
42,Charlotte Hornets,2001,0.5609756097560976
43,Houston Rockets,2001,0.5487804878048781
44,Seattle SuperSonics,2001,0.5365853658536586
45,Orlando Magic,2001,0.524390243902439
46,Indiana Pacers,2001,0.5
47,Denver Nuggets,2001,0.4878048780487805
48,Boston Celtics,2001,0.43902439024390244
49,Detroit Pistons,2001,0.3902439024390244
50,Los Angeles Clippers,2001,0.3780487804878049
51,Cleveland Cavaliers,2001,0.36585365853658536
52,Brooklyn Nets,2001,0.3170731707317073
53,Atlanta Hawks,2001,0.3048780487804878
54,Memphis Grizzlies,2001,0.2804878048780488
55,Washington Wizards,2001,0.23170731707317074
56,Golden State Warriors,2001,0.2073170731707317
57,Chicago Bulls,2001,0.18292682926829268
58,Sacramento Kings,2002,0.7439024390243902
59,Los Angeles Lakers,2002,0.7073170731707317
60,San Antonio Spurs,2002,0.7073170731707317
61,Dallas Mavericks,2002,0.6951219512195121
62,Brooklyn Nets,2002,0.6341463414634146
63,Detroit Pistons,2002,0.6097560975609756
64,Minnesota Timberwolves,2002,0.6097560975609756
65,Boston Celtics,2002,0.5975609756097561
66,Portland Trail Blazers,2002,0.5975609756097561
67,Seattle SuperSonics,2002,0.5487804878048781
68,Charlotte Hornets,2002,0.5365853658536586
69,Orlando Magic,2002,0.5365853658536586
70,Utah Jazz,2002,0.5365853658536586
71,Philadelphia 76ers,2002,0.524390243902439
72,Indiana Pacers,2002,0.5121951219512195
73,Toronto Raptors,2002,0.5121951219512195
74,Milwaukee Bucks,2002,0.5
75,Los Angeles Clippers,2002,0.47560975609756095
76,Washington Wizards,2002,0.45121951219512196
77,Miami Heat,2002,0.43902439024390244
78,Phoenix Suns,2002,0.43902439024390244
79,Atlanta Hawks,2002,0.4024390243902439
80,New York Knicks,2002,0.36585365853658536
81,Cleveland Cavaliers,2002,0.35365853658536583
82,Houston Rockets,2002,0.34146341463414637
83,Denver Nuggets,2002,0.32926829268292684
84,Memphis Grizzlies,2002,0.2804878048780488
85,Chicago Bulls,2002,0.25609756097560976
86,Golden State Warriors,2002,0.25609756097560976
87,Dallas Mavericks,2003,0.7317073170731707
88,San Antonio Spurs,2003,0.7317073170731707
89,Sacramento Kings,2003,0.7195121951219512
90,Minnesota Timberwolves,2003,0.6219512195121951
91,Detroit Pistons,2003,0.6097560975609756
92,Los Angeles Lakers,2003,0.6097560975609756
93,Portland Trail Blazers,2003,0.6097560975609756
94,Brooklyn Nets,2003,0.5975609756097561
95,Indiana Pacers,2003,0.5853658536585366
96,Philadelphia 76ers,2003,0.5853658536585366
97,New Orleans Pelicans,2003,0.573170731707317
98,Utah Jazz,2003,0.573170731707317
99,Boston Celtics,2003,0.5365853658536586
100,Phoenix Suns,2003,0.5365853658536586
101,Houston Rockets,2003,0.524390243902439
102,Milwaukee Bucks,2003,0.5121951219512195
103,Orlando Magic,2003,0.5121951219512195
104,Seattle SuperSonics,2003,0.4878048780487805
105,Golden State Warriors,2003,0.4634146341463415
106,New York Knicks,2003,0.45121951219512196
107,Washington Wizards,2003,0.45121951219512196
108,Atlanta Hawks,2003,0.4268292682926829
109,Chicago Bulls,2003,0.36585365853658536
110,Memphis Grizzlies,2003,0.34146341463414637
111,Los Angeles Clippers,2003,0.32926829268292684
112,Miami Heat,2003,0.3048780487804878
113,Toronto Raptors,2003,0.2926829268292683
114,Cleveland Cavaliers,2003,0.2073170731707317
115,Denver Nuggets,2003,0.2073170731707317
116,Indiana Pacers,2004,0.7439024390243902
117,Minnesota Timberwolves,2004,0.7073170731707317
118,San Antonio Spurs,2004,0.6951219512195121
119,Los Angeles Lakers,2004,0.6829268292682927
120,Sacramento Kings,2004,0.6707317073170732
121,Detroit Pistons,2004,0.6585365853658537
122,Dallas Mavericks,2004,0.6341463414634146
123,Memphis Grizzlies,2004,0.6097560975609756
124,Brooklyn Nets,2004,0.573170731707317
125,Houston Rockets,2004,0.5487804878048781
126,Denver Nuggets,2004,0.524390243902439
127,Miami Heat,2004,0.5121951219512195
128,Utah Jazz,2004,0.5121951219512195
129,Milwaukee Bucks,2004,0.5
130,New Orleans Pelicans,2004,0.5
131,Portland Trail Blazers,2004,0.5
132,New York Knicks,2004,0.47560975609756095
133,Golden State Warriors,2004,0.45121951219512196
134,Seattle SuperSonics,2004,0.45121951219512196
135,Boston Celtics,2004,0.43902439024390244
136,Cleveland Cavaliers,2004,0.4268292682926829
137,Philadelphia 76ers,2004,0.4024390243902439
138,Toronto Raptors,2004,0.4024390243902439
139,Phoenix Suns,2004,0.35365853658536583
140,Atlanta Hawks,2004,0.34146341463414637
141,Los Angeles Clippers,2004,0.34146341463414637
142,Washington Wizards,2004,0.3048780487804878
143,Chicago Bulls,2004,0.2804878048780488
144,Orlando Magic,2004,0.25609756097560976
145,Phoenix Suns,2005,0.7560975609756098
146,Miami Heat,2005,0.7195121951219512
147,San Antonio Spurs,2005,0.7195121951219512
148,Dallas Mavericks,2005,0.7073170731707317
149,Detroit Pistons,2005,0.6585365853658537
150,Seattle SuperSonics,2005,0.6341463414634146
151,Houston Rockets,2005,0.6219512195121951
152,Sacramento Kings,2005,0.6097560975609756
153,Denver Nuggets,2005,0.5975609756097561
154,Chicago Bulls,2005,0.573170731707317
155,Boston Celtics,2005,0.5487804878048781
156,Memphis Grizzlies,2005,0.5487804878048781
157,Washington Wizards,2005,0.5487804878048781
158,Indiana Pacers,2005,0.5365853658536586
159,Minnesota Timberwolves,2005,0.5365853658536586
160,Philadelphia 76ers,2005,0.524390243902439
161,Cleveland Cavaliers,2005,0.5121951219512195
162,Brooklyn Nets,2005,0.5121951219512195
163,Los Angeles Clippers,2005,0.45121951219512196
164,Orlando Magic,2005,0.43902439024390244
165,Golden State Warriors,2005,0.4146341463414634
166,Los Angeles Lakers,2005,0.4146341463414634
167,New York Knicks,2005,0.4024390243902439
168,Toronto Raptors,2005,0.4024390243902439
169,Milwaukee Bucks,2005,0.36585365853658536
170,Portland Trail Blazers,2005,0.32926829268292684
171,Utah Jazz,2005,0.3170731707317073
172,Charlotte Hornets,2005,0.21951219512195122
173,New Orleans Pelicans,2005,0.21951219512195122
174,Atlanta Hawks,2005,0.15853658536585366
175,Detroit Pistons,2006,0.7804878048780488
176,San Antonio Spurs,2006,0.7682926829268293
177,Dallas Mavericks,2006,0.7317073170731707
178,Phoenix Suns,2006,0.6585365853658537
179,Miami Heat,2006,0.6341463414634146
180,Cleveland Cavaliers,2006,0.6097560975609756
181,Memphis Grizzlies,2006,0.5975609756097561
182,Brooklyn Nets,2006,0.5975609756097561
183,Los Angeles Clippers,2006,0.573170731707317
184,Los Angeles Lakers,2006,0.5487804878048781
185,Denver Nuggets,2006,0.5365853658536586
186,Sacramento Kings,2006,0.5365853658536586
187,Washington Wizards,2006,0.5121951219512195
188,Chicago Bulls,2006,0.5
189,Indiana Pacers,2006,0.5
190,Utah Jazz,2006,0.5
191,Milwaukee Bucks,2006,0.4878048780487805
192,New Orleans Pelicans,2006,0.4634146341463415
193,Philadelphia 76ers,2006,0.4634146341463415
194,Orlando Magic,2006,0.43902439024390244
195,Seattle SuperSonics,2006,0.4268292682926829
196,Golden State Warriors,2006,0.4146341463414634
197,Houston Rockets,2006,0.4146341463414634
198,Boston Celtics,2006,0.4024390243902439
199,Minnesota Timberwolves,2006,0.4024390243902439
200,Toronto Raptors,2006,0.32926829268292684
201,Atlanta Hawks,2006,0.3170731707317073
202,Charlotte Hornets,2006,0.3170731707317073
203,New York Knicks,2006,0.2804878048780488
204,Portland Trail Blazers,2006,0.25609756097560976
205,Dallas Mavericks,2007,0.8170731707317073
206,Phoenix Suns,2007,0.7439024390243902
207,San Antonio Spurs,2007,0.7073170731707317
208,Detroit Pistons,2007,0.6463414634146342
209,Houston Rockets,2007,0.6341463414634146
210,Utah Jazz,2007,0.6219512195121951
211,Cleveland Cavaliers,2007,0.6097560975609756
212,Chicago Bulls,2007,0.5975609756097561
213,Toronto Raptors,2007,0.573170731707317
214,Denver Nuggets,2007,0.5487804878048781
215,Miami Heat,2007,0.5365853658536586
216,Golden State Warriors,2007,0.5121951219512195
217,Los Angeles Lakers,2007,0.5121951219512195
218,Brooklyn Nets,2007,0.5
219,Washington Wizards,2007,0.5
220,Los Angeles Clippers,2007,0.4878048780487805
221,Orlando Magic,2007,0.4878048780487805
222,New Orleans Pelicans,2007,0.47560975609756095
223,Indiana Pacers,2007,0.4268292682926829
224,Philadelphia 76ers,2007,0.4268292682926829
225,Charlotte Hornets,2007,0.4024390243902439
226,New York Knicks,2007,0.4024390243902439
227,Sacramento Kings,2007,0.4024390243902439
228,Minnesota Timberwolves,2007,0.3902439024390244
229,Portland Trail Blazers,2007,0.3902439024390244
230,Seattle SuperSonics,2007,0.3780487804878049
231,Atlanta Hawks,2007,0.36585365853658536
232,Milwaukee Bucks,2007,0.34146341463414637
233,Boston Celtics,2007,0.2926829268292683
234,Memphis Grizzlies,2007,0.2682926829268293
235,Boston Celtics,2008,0.8048780487804879
236,Detroit Pistons,2008,0.7195121951219512
237,Los Angeles Lakers,2008,0.6951219512195121
238,New Orleans Pelicans,2008,0.6829268292682927
239,San Antonio Spurs,2008,0.6829268292682927
240,Houston Rockets,2008,0.6707317073170732
241,Phoenix Suns,2008,0.6707317073170732
242,Utah Jazz,2008,0.6585365853658537
243,Orlando Magic,2008,0.6341463414634146
244,Dallas Mavericks,2008,0.6219512195121951
245,Denver Nuggets,2008,0.6097560975609756
246,Golden State Warriors,2008,0.5853658536585366
247,Cleveland Cavaliers,2008,0.5487804878048781
248,Washington Wizards,2008,0.524390243902439
249,Portland Trail Blazers,2008,0.5
250,Toronto Raptors,2008,0.5
251,Philadelphia 76ers,2008,0.4878048780487805
252,Sacramento Kings,2008,0.4634146341463415
253,Atlanta Hawks,2008,0.45121951219512196
254,Indiana Pacers,2008,0.43902439024390244
255,Brooklyn Nets,2008,0.4146341463414634
256,Chicago Bulls,2008,0.4024390243902439
257,Charlotte Hornets,2008,0.3902439024390244
258,Milwaukee Bucks,2008,0.3170731707317073
259,Los Angeles Clippers,2008,0.2804878048780488
260,New York Knicks,2008,0.2804878048780488
261,Memphis Grizzlies,2008,0.2682926829268293
262,Minnesota Timberwolves,2008,0.2682926829268293
263,Seattle SuperSonics,2008,0.24390243902439024
264,Miami Heat,2008,0.18292682926829268
265,Cleveland Cavaliers,2009,0.8048780487804879
266,Los Angeles Lakers,2009,0.7926829268292683
267,Boston Celtics,2009,0.7560975609756098
268,Orlando Magic,2009,0.7195121951219512
269,Denver Nuggets,2009,0.6585365853658537
270,Portland Trail Blazers,2009,0.6585365853658537
271,San Antonio Spurs,2009,0.6585365853658537
272,Houston Rockets,2009,0.6463414634146342
273,Dallas Mavericks,2009,0.6097560975609756
274,New Orleans Pelicans,2009,0.5975609756097561
275,Utah Jazz,2009,0.5853658536585366
276,Atlanta Hawks,2009,0.573170731707317
277,Phoenix Suns,2009,0.5609756097560976
278,Miami Heat,2009,0.524390243902439
279,Chicago Bulls,2009,0.5
280,Philadelphia 76ers,2009,0.5
281,Detroit Pistons,2009,0.47560975609756095
282,Indiana Pacers,2009,0.43902439024390244
283,Charlotte Hornets,2009,0.4268292682926829
284,Milwaukee Bucks,2009,0.4146341463414634
285,Brooklyn Nets,2009,0.4146341463414634
286,Toronto Raptors,2009,0.4024390243902439
287,New York Knicks,2009,0.3902439024390244
288,Golden State Warriors,2009,0.35365853658536583
289,Memphis Grizzlies,2009,0.2926829268292683
290,Minnesota Timberwolves,2009,0.2926829268292683
291,Oklahoma City Thunder,2009,0.2804878048780488
292,Los Angeles Clippers,2009,0.23170731707317074
293,Washington Wizards,2009,0.23170731707317074
294,Sacramento Kings,2009,0.2073170731707317
295,Cleveland Cavaliers,2010,0.7439024390243902
296,Orlando Magic,2010,0.7195121951219512
297,Los Angeles Lakers,2010,0.6951219512195121
298,Dallas Mavericks,2010,0.6707317073170732
299,Phoenix Suns,2010,0.6585365853658537
300,Atlanta Hawks,2010,0.6463414634146342
301,Denver Nuggets,2010,0.6463414634146342
302,Utah Jazz,2010,0.6463414634146342
303,Boston Celtics,2010,0.6097560975609756
304,Oklahoma City Thunder,2010,0.6097560975609756
305,Portland Trail Blazers,2010,0.6097560975609756
306,San Antonio Spurs,2010,0.6097560975609756
307,Miami Heat,2010,0.573170731707317
308,Milwaukee Bucks,2010,0.5609756097560976
309,Charlotte Hornets,2010,0.5365853658536586
310,Houston Rockets,2010,0.5121951219512195
311,Chicago Bulls,2010,0.5
312,Memphis Grizzlies,2010,0.4878048780487805
313,Toronto Raptors,2010,0.4878048780487805
314,New Orleans Pelicans,2010,0.45121951219512196
315,Indiana Pacers,2010,0.3902439024390244
316,Los Angeles Clippers,2010,0.35365853658536583
317,New York Knicks,2010,0.35365853658536583
318,Detroit Pistons,2010,0.32926829268292684
319,Philadelphia 76ers,2010,0.32926829268292684
320,Golden State Warriors,2010,0.3170731707317073
321,Washington Wizards,2010,0.3170731707317073
322,Sacramento Kings,2010,0.3048780487804878
323,Minnesota Timberwolves,2010,0.18292682926829268
324,Brooklyn Nets,2010,0.14634146341463414
325,Chicago Bulls,2011,0.7560975609756098
326,San Antonio Spurs,2011,0.7439024390243902
327,Miami Heat,2011,0.7073170731707317
328,Dallas Mavericks,2011,0.6951219512195121
329,Los Angeles Lakers,2011,0.6951219512195121
330,Boston Celtics,2011,0.6829268292682927
331,Oklahoma City Thunder,2011,0.6707317073170732
332,Orlando Magic,2011,0.6341463414634146
333,Denver Nuggets,2011,0.6097560975609756
334,Portland Trail Blazers,2011,0.5853658536585366
335,Memphis Grizzlies,2011,0.5609756097560976
336,New Orleans Pelicans,2011,0.5609756097560976
337,Atlanta Hawks,2011,0.5365853658536586
338,Houston Rockets,2011,0.524390243902439
339,New York Knicks,2011,0.5121951219512195
340,Philadelphia 76ers,2011,0.5
341,Phoenix Suns,2011,0.4878048780487805
342,Utah Jazz,2011,0.47560975609756095
343,Indiana Pacers,2011,0.45121951219512196
344,Golden State Warriors,2011,0.43902439024390244
345,Milwaukee Bucks,2011,0.4268292682926829
346,Charlotte Hornets,2011,0.4146341463414634
347,Los Angeles Clippers,2011,0.3902439024390244
348,Detroit Pistons,2011,0.36585365853658536
349,Brooklyn Nets,2011,0.2926829268292683
350,Sacramento Kings,2011,0.2926829268292683
351,Washington Wizards,2011,0.2804878048780488
352,Toronto Raptors,2011,0.2682926829268293
353,Cleveland Cavaliers,2011,0.23170731707317074
354,Minnesota Timberwolves,2011,0.2073170731707317
355,Chicago Bulls,2012,0.7575757575757576
356,San Antonio Spurs,2012,0.7575757575757576
357,Oklahoma City Thunder,2012,0.7121212121212122
358,Miami Heat,2012,0.696969696969697
359,Indiana Pacers,2012,0.6363636363636364
360,Los Angeles Lakers,2012,0.6212121212121212
361,Memphis Grizzlies,2012,0.6212121212121212
362,Atlanta Hawks,2012,0.6060606060606061
363,Los Angeles Clippers,2012,0.6060606060606061
364,Boston Celtics,2012,0.5909090909090909
365,Denver Nuggets,2012,0.5757575757575758
366,Orlando Magic,2012,0.5606060606060606
367,Dallas Mavericks,2012,0.5454545454545454
368,New York Knicks,2012,0.5454545454545454
369,Utah Jazz,2012,0.5454545454545454
370,Philadelphia 76ers,2012,0.5303030303030303
371,Houston Rockets,2012,0.5151515151515151
372,Phoenix Suns,2012,0.5
373,Milwaukee Bucks,2012,0.4696969696969697
374,Portland Trail Blazers,2012,0.42424242424242425
375,Minnesota Timberwolves,2012,0.3939393939393939
376,Detroit Pistons,2012,0.3787878787878788
377,Golden State Warriors,2012,0.3484848484848485
378,Toronto Raptors,2012,0.3484848484848485
379,Brooklyn Nets,2012,0.3333333333333333
380,Sacramento Kings,2012,0.3333333333333333
381,Cleveland Cavaliers,2012,0.3181818181818182
382,New Orleans Pelicans,2012,0.3181818181818182
383,Washington Wizards,2012,0.30303030303030304
384,Charlotte Hornets,2012,0.10606060606060606
385,Miami Heat,2013,0.8048780487804879
386,Oklahoma City Thunder,2013,0.7317073170731707
387,San Antonio Spurs,2013,0.7073170731707317
388,Denver Nuggets,2013,0.6951219512195121
389,Los Angeles Clippers,2013,0.6829268292682927
390,Memphis Grizzlies,2013,0.6829268292682927
391,New York Knicks,2013,0.6585365853658537
392,Brooklyn Nets,2013,0.5975609756097561
393,Indiana Pacers,2013,0.6049382716049383
394,Golden State Warriors,2013,0.573170731707317
395,Chicago Bulls,2013,0.5487804878048781
396,Houston Rockets,2013,0.5487804878048781
397,Los Angeles Lakers,2013,0.5487804878048781
398,Atlanta Hawks,2013,0.5365853658536586
399,Utah Jazz,2013,0.524390243902439
400,Boston Celtics,2013,0.5061728395061729
401,Dallas Mavericks,2013,0.5
402,Milwaukee Bucks,2013,0.4634146341463415
403,Philadelphia 76ers,2013,0.4146341463414634
404,Toronto Raptors,2013,0.4146341463414634
405,Portland Trail Blazers,2013,0.4024390243902439
406,Minnesota Timberwolves,2013,0.3780487804878049
407,Detroit Pistons,2013,0.35365853658536583
408,Washington Wizards,2013,0.35365853658536583
409,Sacramento Kings,2013,0.34146341463414637
410,New Orleans Pelicans,2013,0.32926829268292684
411,Phoenix Suns,2013,0.3048780487804878
412,Cleveland Cavaliers,2013,0.2926829268292683
413,Charlotte Hornets,2013,0.25609756097560976
414,Orlando Magic,2013,0.24390243902439024
415,San Antonio Spurs,2014,0.7560975609756098
416,Oklahoma City Thunder,2014,0.7195121951219512
417,Los Angeles Clippers,2014,0.6951219512195121
418,Indiana Pacers,2014,0.6829268292682927
419,Houston Rockets,2014,0.6585365853658537
420,Miami Heat,2014,0.6585365853658537
421,Portland Trail Blazers,2014,0.6585365853658537
422,Golden State Warriors,2014,0.6219512195121951
423,Memphis Grizzlies,2014,0.6097560975609756
424,Dallas Mavericks,2014,0.5975609756097561
425,Chicago Bulls,2014,0.5853658536585366
426,Phoenix Suns,2014,0.5853658536585366
427,Toronto Raptors,2014,0.5853658536585366
428,Brooklyn Nets,2014,0.5365853658536586
429,Washington Wizards,2014,0.5365853658536586
430,Charlotte Hornets,2014,0.524390243902439
431,Minnesota Timberwolves,2014,0.4878048780487805
432,Atlanta Hawks,2014,0.4634146341463415
433,New York Knicks,2014,0.45121951219512196
434,Denver Nuggets,2014,0.43902439024390244
435,New Orleans Pelicans,2014,0.4146341463414634
436,Cleveland Cavaliers,2014,0.4024390243902439
437,Detroit Pistons,2014,0.35365853658536583
438,Sacramento Kings,2014,0.34146341463414637
439,Los Angeles Lakers,2014,0.32926829268292684
440,Boston Celtics,2014,0.3048780487804878
441,Utah Jazz,2014,0.3048780487804878
442,Orlando Magic,2014,0.2804878048780488
443,Philadelphia 76ers,2014,0.23170731707317074
444,Milwaukee Bucks,2014,0.18292682926829268
445,Golden State Warriors,2015,0.8170731707317073
446,Atlanta Hawks,2015,0.7317073170731707
447,Houston Rockets,2015,0.6829268292682927
448,Los Angeles Clippers,2015,0.6829268292682927
449,Memphis Grizzlies,2015,0.6707317073170732
450,San Antonio Spurs,2015,0.6707317073170732
451,Cleveland Cavaliers,2015,0.6463414634146342
452,Portland Trail Blazers,2015,0.6219512195121951
453,Chicago Bulls,2015,0.6097560975609756
454,Dallas Mavericks,2015,0.6097560975609756
455,Toronto Raptors,2015,0.5975609756097561
456,Washington Wizards,2015,0.5609756097560976
457,New Orleans Pelicans,2015,0.5487804878048781
458,Oklahoma City Thunder,2015,0.5487804878048781
459,Milwaukee Bucks,2015,0.5
460,Boston Celtics,2015,0.4878048780487805
461,Phoenix Suns,2015,0.47560975609756095
462,Brooklyn Nets,2015,0.4634146341463415
463,Indiana Pacers,2015,0.4634146341463415
464,Utah Jazz,2015,0.4634146341463415
465,Miami Heat,2015,0.45121951219512196
466,Charlotte Hornets,2015,0.4024390243902439
467,Detroit Pistons,2015,0.3902439024390244
468,Denver Nuggets,2015,0.36585365853658536
469,Sacramento Kings,2015,0.35365853658536583
470,Orlando Magic,2015,0.3048780487804878
471,Los Angeles Lakers,2015,0.25609756097560976
472,Philadelphia 76ers,2015,0.21951219512195122
473,New York Knicks,2015,0.2073170731707317
474,Minnesota Timberwolves,2015,0.1951219512195122
475,Golden State Warriors,2016,0.8902439024390244
476,San Antonio Spurs,2016,0.8170731707317073
477,Cleveland Cavaliers,2016,0.6951219512195121
478,Toronto Raptors,2016,0.6829268292682927
479,Oklahoma City Thunder,2016,0.6707317073170732
480,Los Angeles Clippers,2016,0.6463414634146342
481,Atlanta Hawks,2016,0.5853658536585366
482,Boston Celtics,2016,0.5853658536585366
483,Charlotte Hornets,2016,0.5853658536585366
484,Miami Heat,2016,0.5853658536585366
485,Indiana Pacers,2016,0.5487804878048781
486,Detroit Pistons,2016,0.5365853658536586
487,Portland Trail Blazers,2016,0.5365853658536586
488,Chicago Bulls,2016,0.5121951219512195
489,Dallas Mavericks,2016,0.5121951219512195
490,Memphis Grizzlies,2016,0.5121951219512195
491,Houston Rockets,2016,0.5
492,Washington Wizards,2016,0.5
493,Utah Jazz,2016,0.4878048780487805
494,Orlando Magic,2016,0.4268292682926829
495,Denver Nuggets,2016,0.4024390243902439
496,Milwaukee Bucks,2016,0.4024390243902439
497,Sacramento Kings,2016,0.4024390243902439
498,New York Knicks,2016,0.3902439024390244
499,New Orleans Pelicans,2016,0.36585365853658536
500,Minnesota Timberwolves,2016,0.35365853658536583
501,Phoenix Suns,2016,0.2804878048780488
502,Brooklyn Nets,2016,0.25609756097560976
503,Los Angeles Lakers,2016,0.2073170731707317
504,Philadelphia 76ers,2016,0.12195121951219512
505,Golden State Warriors,2017,0.8170731707317073
506,San Antonio Spurs,2017,0.7439024390243902
507,Houston Rockets,2017,0.6707317073170732
508,Boston Celtics,2017,0.6463414634146342
509,Cleveland Cavaliers,2017,0.6219512195121951
510,Los Angeles Clippers,2017,0.6219512195121951
511,Toronto Raptors,2017,0.6219512195121951
512,Utah Jazz,2017,0.6219512195121951
513,Washington Wizards,2017,0.5975609756097561
514,Oklahoma City Thunder,2017,0.573170731707317
515,Atlanta Hawks,2017,0.524390243902439
516,Memphis Grizzlies,2017,0.524390243902439
517,Indiana Pacers,2017,0.5121951219512195
518,Milwaukee Bucks,2017,0.5121951219512195
519,Chicago Bulls,2017,0.5
520,Miami Heat,2017,0.5
521,Portland Trail Blazers,2017,0.5
522,Denver Nuggets,2017,0.4878048780487805
523,Detroit Pistons,2017,0.45121951219512196
524,Charlotte Hornets,2017,0.43902439024390244
525,New Orleans Pelicans,2017,0.4146341463414634
526,Dallas Mavericks,2017,0.4024390243902439
527,Sacramento Kings,2017,0.3902439024390244
528,Minnesota Timberwolves,2017,0.3780487804878049
529,New York Knicks,2017,0.3780487804878049
530,Orlando Magic,2017,0.35365853658536583
531,Philadelphia 76ers,2017,0.34146341463414637
532,Los Angeles Lakers,2017,0.3170731707317073
533,Phoenix Suns,2017,0.2926829268292683
534,Brooklyn Nets,2017,0.24390243902439024
535,Houston Rockets,2018,0.7926829268292683
536,Toronto Raptors,2018,0.7195121951219512
537,Golden State Warriors,2018,0.7073170731707317
538,Boston Celtics,2018,0.6707317073170732
539,Philadelphia 76ers,2018,0.6341463414634146
540,Cleveland Cavaliers,2018,0.6097560975609756
541,Portland Trail Blazers,2018,0.5975609756097561
542,Indiana Pacers,2018,0.5853658536585366
543,New Orleans Pelicans,2018,0.5853658536585366
544,Oklahoma City Thunder,2018,0.5853658536585366
545,Utah Jazz,2018,0.5853658536585366
546,Minnesota Timberwolves,2018,0.573170731707317
547,San Antonio Spurs,2018,0.573170731707317
548,Denver Nuggets,2018,0.5609756097560976
549,Miami Heat,2018,0.5365853658536586
550,Milwaukee Bucks,2018,0.5365853658536586
551,Washington Wizards,2018,0.524390243902439
552,Los Angeles Clippers,2018,0.5121951219512195
553,Detroit Pistons,2018,0.47560975609756095
554,Charlotte Hornets,2018,0.43902439024390244
555,Los Angeles Lakers,2018,0.4268292682926829
556,New York Knicks,2018,0.35365853658536583
557,Brooklyn Nets,2018,0.34146341463414637
558,Chicago Bulls,2018,0.32926829268292684
559,Sacramento Kings,2018,0.32926829268292684
560,Orlando Magic,2018,0.3048780487804878
561,Atlanta Hawks,2018,0.2926829268292683
562,Dallas Mavericks,2018,0.2926829268292683
563,Memphis Grizzlies,2018,0.2682926829268293
564,Phoenix Suns,2018,0.25609756097560976
565,Milwaukee Bucks,2019,0.7317073170731707
566,Toronto Raptors,2019,0.7073170731707317
567,Golden State Warriors,2019,0.6951219512195121
568,Denver Nuggets,2019,0.6585365853658537
569,Houston Rockets,2019,0.6463414634146342
570,Portland Trail Blazers,2019,0.6463414634146342
571,Philadelphia 76ers,2019,0.6219512195121951
572,Utah Jazz,2019,0.6097560975609756
573,Boston Celtics,2019,0.5975609756097561
574,Oklahoma City Thunder,2019,0.5975609756097561
575,Indiana Pacers,2019,0.5853658536585366
576,Los Angeles Clippers,2019,0.5853658536585366
577,San Antonio Spurs,2019,0.5853658536585366
578,Brooklyn Nets,2019,0.5121951219512195
579,Orlando Magic,2019,0.5121951219512195
580,Detroit Pistons,2019,0.5
581,Charlotte Hornets,2019,0.47560975609756095
582,Miami Heat,2019,0.47560975609756095
583,Sacramento Kings,2019,0.47560975609756095
584,Los Angeles Lakers,2019,0.45121951219512196
585,Minnesota Timberwolves,2019,0.43902439024390244
586,Dallas Mavericks,2019,0.4024390243902439
587,Memphis Grizzlies,2019,0.4024390243902439
588,New Orleans Pelicans,2019,0.4024390243902439
589,Washington Wizards,2019,0.3902439024390244
590,Atlanta Hawks,2019,0.35365853658536583
591,Chicago Bulls,2019,0.2682926829268293
592,Cleveland Cavaliers,2019,0.23170731707317074
593,Phoenix Suns,2019,0.23170731707317074
594,New York Knicks,2019,0.2073170731707317
595,Milwaukee Bucks,2020,0.7671232876712328
596,Toronto Raptors,2020,0.7361111111111112
597,Los Angeles Lakers,2020,0.7323943661971831
598,Los Angeles Clippers,2020,0.6805555555555556
599,Boston Celtics,2020,0.6666666666666666
600,Denver Nuggets,2020,0.6301369863013698
601,Indiana Pacers,2020,0.6164383561643836
602,Houston Rockets,2020,0.6111111111111112
603,Miami Heat,2020,0.6027397260273972
604,Oklahoma City Thunder,2020,0.6111111111111112
605,Utah Jazz,2020,0.6111111111111112
606,Dallas Mavericks,2020,0.5733333333333334
607,Philadelphia 76ers,2020,0.589041095890411
608,Brooklyn Nets,2020,0.4861111111111111
609,Portland Trail Blazers,2020,0.47297297297297297
610,Memphis Grizzlies,2020,0.4657534246575342
611,Phoenix Suns,2020,0.4657534246575342
612,Orlando Magic,2020,0.4520547945205479
613,San Antonio Spurs,2020,0.4507042253521127
614,Sacramento Kings,2020,0.4305555555555556
615,New Orleans Pelicans,2020,0.4166666666666667
616,Washington Wizards,2020,0.3472222222222222
617,Charlotte Hornets,2020,0.35384615384615387
618,Chicago Bulls,2020,0.3384615384615385
619,New York Knicks,2020,0.3181818181818182
620,Atlanta Hawks,2020,0.29850746268656714
621,Detroit Pistons,2020,0.30303030303030304
622,Cleveland Cavaliers,2020,0.2923076923076923
623,Minnesota Timberwolves,2020,0.296875
624,Golden State Warriors,2020,0.23076923076923078
625,Utah Jazz,2021,0.7222222222222222
626,Phoenix Suns,2021,0.7083333333333334
627,Philadelphia 76ers,2021,0.6805555555555556
628,Brooklyn Nets,2021,0.6666666666666666
629,Denver Nuggets,2021,0.6527777777777778
630,Los Angeles Clippers,2021,0.6527777777777778
631,Milwaukee Bucks,2021,0.6388888888888888
632,Dallas Mavericks,2021,0.5833333333333334
633,Los Angeles Lakers,2021,0.5833333333333334
634,Portland Trail Blazers,2021,0.5833333333333334
635,Atlanta Hawks,2021,0.5694444444444444
636,New York Knicks,2021,0.5694444444444444
637,Miami Heat,2021,0.5555555555555556
638,Golden State Warriors,2021,0.5416666666666666
639,Memphis Grizzlies,2021,0.5277777777777778
640,Boston Celtics,2021,0.5
641,Indiana Pacers,2021,0.4722222222222222
642,Washington Wizards,2021,0.4722222222222222
643,Charlotte Hornets,2021,0.4583333333333333
644,San Antonio Spurs,2021,0.4583333333333333
645,Chicago Bulls,2021,0.4305555555555556
646,New Orleans Pelicans,2021,0.4305555555555556
647,Sacramento Kings,2021,0.4305555555555556
648,Toronto Raptors,2021,0.375
649,Minnesota Timberwolves,2021,0.3194444444444444
650,Cleveland Cavaliers,2021,0.3055555555555556
651,Oklahoma City Thunder,2021,0.3055555555555556
652,Orlando Magic,2021,0.2916666666666667
653,Detroit Pistons,2021,0.2777777777777778
654,Houston Rockets,2021,0.2361111111111111
655,Phoenix Suns,2022,0.7804878048780488
656,Memphis Grizzlies,2022,0.6829268292682927
657,Golden State Warriors,2022,0.6463414634146342
658,Miami Heat,2022,0.6463414634146342
659,Dallas Mavericks,2022,0.6341463414634146
660,Boston Celtics,2022,0.6219512195121951
661,Milwaukee Bucks,2022,0.6219512195121951
662,Philadelphia 76ers,2022,0.6219512195121951
663,Utah Jazz,2022,0.5975609756097561
664,Denver Nuggets,2022,0.5853658536585366
665,Toronto Raptors,2022,0.5853658536585366
666,Chicago Bulls,2022,0.5609756097560976
667,Minnesota Timberwolves,2022,0.5609756097560976
668,Brooklyn Nets,2022,0.5365853658536586
669,Cleveland Cavaliers,2022,0.5365853658536586
670,Atlanta Hawks,2022,0.524390243902439
671,Charlotte Hornets,2022,0.524390243902439
672,Los Angeles Clippers,2022,0.5121951219512195
673,New York Knicks,2022,0.45121951219512196
674,New Orleans Pelicans,2022,0.43902439024390244
675,Washington Wizards,2022,0.4268292682926829
676,San Antonio Spurs,2022,0.4146341463414634
677,Los Angeles Lakers,2022,0.4024390243902439
678,Sacramento Kings,2022,0.36585365853658536
679,Portland Trail Blazers,2022,0.32926829268292684
680,Indiana Pacers,2022,0.3048780487804878
681,Oklahoma City Thunder,2022,0.2926829268292683
682,Detroit Pistons,2022,0.2804878048780488
683,Orlando Magic,2022,0.2682926829268293
684,Houston Rockets,2022,0.24390243902439024
685,Boston Celtics,2023,0.7090909090909091
686,Denver Nuggets,2023,0.6909090909090909
687,Milwaukee Bucks,2023,0.6851851851851852
688,Philadelphia 76ers,2023,0.6415094339622641
689,Cleveland Cavaliers,2023,0.6140350877192983
690,Memphis Grizzlies,2023,0.6111111111111112
691,Brooklyn Nets,2023,0.5925925925925926
692,Sacramento Kings,2023,0.5740740740740741
693,Miami Heat,2023,0.5454545454545454
694,Dallas Mavericks,2023,0.5357142857142857
695,New York Knicks,2023,0.5357142857142857
696,Phoenix Suns,2023,0.5357142857142857
697,Los Angeles Clippers,2023,0.5344827586206896
698,New Orleans Pelicans,2023,0.5178571428571429
699,Minnesota Timberwolves,2023,0.5172413793103449
700,Golden State Warriors,2023,0.509090909090909
701,Atlanta Hawks,2023,0.4909090909090909
702,Portland Trail Blazers,2023,0.4909090909090909
703,Utah Jazz,2023,0.48214285714285715
704,Chicago Bulls,2023,0.48148148148148145
705,Oklahoma City Thunder,2023,0.48148148148148145
706,Toronto Raptors,2023,0.4642857142857143
707,Washington Wizards,2023,0.46296296296296297
708,Los Angeles Lakers,2023,0.45454545454545453
709,Indiana Pacers,2023,0.44642857142857145
710,Orlando Magic,2023,0.4
711,Charlotte Hornets,2023,0.26785714285714285
712,San Antonio Spurs,2023,0.2545454545454545
713,Detroit Pistons,2023,0.25
714,Houston Rockets,2023,0.23636363636363636
