,#,team,gp,w,l,min,"pts
off to","2nd
pts",fbps,pitp,"opp pts
off to","opp
2nd pts","opp
fbps","opp
pitp",season
0,1,Los Angeles Lakers,82,67,15,48.3,16.6,15.2,11.7,47.6,14.3,13.2,12.4,34.8,'99-00
1,2,Portland Trail Blazers,82,59,23,48.2,15.6,14.0,13.4,39.9,15.2,13.9,12.3,35.0,'99-00
2,3,Indiana Pacers,82,56,26,48.1,15.2,11.6,13.6,35.5,15.0,13.5,14.6,42.0,'99-00
3,4,Utah Jazz,82,55,27,48.2,16.8,13.0,11.0,36.3,15.7,12.3,10.3,32.6,'99-00
4,5,Phoenix Suns,82,53,29,48.3,18.6,13.8,14.2,42.1,17.4,14.1,12.0,36.0,'99-00
5,5,San Antonio Spurs,82,53,29,48.4,15.5,12.7,13.0,39.2,15.5,13.3,11.8,35.3,'99-00
6,7,Miami Heat,82,52,30,48.4,15.1,12.2,12.6,37.2,16.0,12.7,11.7,34.1,'99-00
7,8,Minnesota Timberwolves,82,50,32,48.5,16.2,14.1,15.2,35.5,14.8,13.2,13.3,38.5,'99-00
8,8,New York Knicks,82,50,32,48.4,15.2,10.3,8.3,34.4,15.9,12.4,10.5,31.8,'99-00
9,10,Charlotte Hornets,82,49,33,48.2,17.5,12.9,15.0,38.5,15.9,13.4,14.0,39.8,'99-00
10,10,Philadelphia 76ers,82,49,33,48.4,18.9,15.3,16.4,43.6,15.1,12.7,12.7,37.2,'99-00
11,12,Seattle SuperSonics,82,45,37,48.2,16.4,15.5,15.7,41.9,14.8,15.0,13.2,40.3,'99-00
12,12,Toronto Raptors,82,45,37,48.2,16.3,14.2,17.7,31.4,14.9,13.4,18.1,40.0,'99-00
13,14,Sacramento Kings,82,44,38,48.3,19.1,14.6,16.5,45.3,18.3,14.2,17.0,42.2,'99-00
14,15,Detroit Pistons,82,42,40,48.4,18.5,12.1,16.5,38.7,17.4,14.3,12.7,37.0,'99-00
15,15,Milwaukee Bucks,82,42,40,48.4,17.9,13.6,14.9,34.6,16.8,14.3,14.2,37.0,'99-00
16,17,Orlando Magic,82,41,41,48.2,20.3,15.8,19.8,41.7,18.3,14.5,14.6,39.8,'99-00
17,18,Dallas Mavericks,82,40,42,48.1,17.9,12.7,15.7,37.0,15.5,16.8,15.2,42.9,'99-00
18,19,Boston Celtics,82,35,47,48.1,18.3,15.8,12.9,42.6,16.8,12.5,13.8,39.1,'99-00
19,19,Denver Nuggets,82,35,47,48.4,15.8,15.1,15.1,41.1,17.8,14.2,15.2,42.2,'99-00
20,21,Houston Rockets,82,34,48,48.4,15.6,13.9,15.2,43.5,19.0,14.3,14.5,42.3,'99-00
21,22,Cleveland Cavaliers,82,32,50,48.4,17.7,13.9,16.9,40.5,19.5,14.5,13.2,37.7,'99-00
22,23,New Jersey Nets,82,31,51,48.4,19.0,13.0,12.1,36.2,14.8,15.3,15.6,43.0,'99-00
23,24,Washington Wizards,82,29,53,48.3,16.0,14.6,11.1,39.3,17.7,13.1,14.5,39.6,'99-00
24,25,Atlanta Hawks,82,28,54,48.4,13.1,15.9,13.9,37.2,17.7,13.8,17.0,42.1,'99-00
25,26,Vancouver Grizzlies,82,22,60,48.4,16.1,13.8,12.9,40.7,19.0,13.9,16.5,43.7,'99-00
26,27,Golden State Warriors,82,19,63,48.2,17.2,16.9,15.5,41.9,16.7,15.4,15.3,43.5,'99-00
27,28,Chicago Bulls,82,17,65,48.3,14.6,12.6,7.4,35.1,21.0,12.9,13.4,39.1,'99-00
28,29,Los Angeles Clippers,82,15,67,48.1,14.1,12.8,10.8,39.1,18.7,15.0,15.6,48.8,'99-00
0,1,San Antonio Spurs,82,58,24,48.4,15.6,12.4,11.3,36.6,14.8,12.0,12.3,34.0,'00-01
1,2,Los Angeles Lakers,82,56,26,48.5,14.9,15.3,9.7,44.3,16.0,13.5,12.8,37.9,'00-01
2,2,Philadelphia 76ers,82,56,26,48.4,17.7,14.6,16.1,41.8,16.2,12.6,13.5,36.6,'00-01
3,4,Sacramento Kings,82,55,27,49.0,18.0,14.0,16.5,43.8,16.1,13.5,13.9,39.4,'00-01
4,5,Dallas Mavericks,82,53,29,48.3,16.7,11.3,15.3,39.2,15.4,14.2,13.3,40.9,'00-01
5,5,Utah Jazz,82,53,29,48.2,17.4,12.7,11.5,42.4,15.9,12.5,10.8,32.1,'00-01
6,7,Milwaukee Bucks,82,52,30,48.2,17.0,12.4,14.6,33.5,14.9,14.5,12.2,36.9,'00-01
7,8,Phoenix Suns,82,51,31,48.3,18.6,12.9,14.2,37.3,16.1,12.6,13.1,36.3,'00-01
8,9,Miami Heat,82,50,32,48.5,16.9,10.9,10.0,32.2,14.4,12.2,10.0,35.8,'00-01
9,9,Portland Trail Blazers,82,50,32,48.2,16.5,14.1,12.3,39.5,15.7,12.6,11.2,36.4,'00-01
10,11,New York Knicks,82,48,34,48.5,15.6,10.8,7.4,33.6,15.4,10.7,7.3,30.2,'00-01
11,12,Minnesota Timberwolves,82,47,35,48.4,16.9,14.6,15.1,35.7,15.5,13.3,12.6,41.0,'00-01
12,12,Toronto Raptors,82,47,35,48.7,15.2,15.5,16.6,34.7,14.3,13.6,17.0,39.6,'00-01
13,14,Charlotte Hornets,82,46,36,48.5,15.4,13.5,13.5,34.0,15.6,12.9,10.5,35.4,'00-01
14,15,Houston Rockets,82,45,37,48.4,14.6,13.2,10.9,39.8,16.1,14.1,11.7,38.2,'00-01
15,16,Seattle SuperSonics,82,44,38,48.3,17.6,14.1,15.0,46.1,17.0,13.9,14.4,39.6,'00-01
16,17,Orlando Magic,82,43,39,48.7,18.5,14.3,15.0,36.4,16.1,14.5,13.3,37.0,'00-01
17,18,Indiana Pacers,82,41,41,48.7,14.4,12.0,11.1,33.3,15.5,13.3,12.8,34.2,'00-01
18,19,Denver Nuggets,82,40,42,48.2,14.7,13.4,15.2,39.0,15.2,13.9,15.0,41.9,'00-01
19,20,Boston Celtics,82,36,46,48.4,18.0,12.3,10.2,35.6,17.0,13.0,13.4,35.9,'00-01
20,21,Detroit Pistons,82,32,50,48.4,16.7,14.9,15.4,34.9,16.4,13.4,13.6,35.4,'00-01
21,22,Los Angeles Clippers,82,31,51,48.9,14.0,13.2,11.4,42.8,16.7,13.6,10.8,41.6,'00-01
22,23,Cleveland Cavaliers,82,30,52,48.4,16.0,14.1,13.1,39.9,18.5,13.8,14.6,36.6,'00-01
23,24,New Jersey Nets,82,26,56,48.1,16.9,11.8,11.8,38.3,16.2,14.1,13.8,37.2,'00-01
24,25,Atlanta Hawks,82,25,57,48.1,15.3,13.7,11.0,36.2,18.6,13.0,13.1,36.8,'00-01
25,26,Vancouver Grizzlies,82,23,59,48.2,15.1,11.3,11.8,33.1,18.0,14.6,14.4,42.4,'00-01
26,27,Washington Wizards,82,19,63,48.0,15.8,14.1,12.7,37.9,19.8,13.3,14.5,42.0,'00-01
27,28,Golden State Warriors,82,17,65,48.2,17.6,16.3,13.8,39.9,18.2,13.7,15.2,44.9,'00-01
28,29,Chicago Bulls,82,15,67,48.4,15.5,12.7,10.3,34.3,17.9,13.5,11.6,40.0,'00-01
0,1,Sacramento Kings,82,61,21,48.2,17.5,14.7,17.0,43.3,14.4,14.5,12.8,41.5,'01-02
1,2,Los Angeles Lakers,82,58,24,48.2,15.5,14.9,10.7,43.6,13.7,14.6,10.7,37.0,'01-02
2,2,San Antonio Spurs,82,58,24,48.4,17.0,13.4,11.6,41.3,15.1,13.9,12.5,37.3,'01-02
3,4,Dallas Mavericks,82,57,25,48.5,16.0,12.7,16.0,39.6,14.2,15.1,13.6,43.5,'01-02
4,5,New Jersey Nets,82,52,30,48.4,17.4,14.0,17.4,42.7,14.6,13.0,10.8,35.3,'01-02
5,6,Detroit Pistons,82,50,32,48.0,16.9,12.2,12.0,34.6,16.0,13.2,11.2,36.0,'01-02
6,6,Minnesota Timberwolves,82,50,32,48.3,15.1,15.5,12.9,38.2,15.4,13.8,11.7,38.0,'01-02
7,8,Boston Celtics,82,49,33,48.4,16.8,12.2,12.5,35.4,14.9,13.6,12.6,30.9,'01-02
8,8,Portland Trail Blazers,82,49,33,48.4,17.1,14.9,13.0,38.3,15.3,12.6,12.6,36.8,'01-02
9,10,Seattle SuperSonics,82,45,37,48.4,17.7,13.4,12.1,41.9,15.3,14.7,13.1,38.5,'01-02
10,11,Charlotte Hornets,82,44,38,48.2,15.2,13.8,12.7,37.8,14.7,14.3,12.3,36.4,'01-02
11,11,Orlando Magic,82,44,38,48.4,17.3,13.3,15.0,38.0,14.6,14.9,14.7,42.0,'01-02
12,11,Utah Jazz,82,44,38,48.4,18.8,15.3,12.5,40.3,17.2,12.8,11.9,35.0,'01-02
13,14,Philadelphia 76ers,82,43,39,48.1,16.1,14.6,13.7,39.0,15.4,11.9,13.4,33.3,'01-02
14,15,Indiana Pacers,82,42,40,48.5,15.4,14.1,15.7,37.1,15.5,14.7,13.8,39.1,'01-02
15,15,Toronto Raptors,82,42,40,48.2,15.6,15.2,16.5,35.4,15.3,13.5,16.2,35.4,'01-02
16,17,Milwaukee Bucks,82,41,41,48.5,14.4,11.9,12.3,33.0,15.9,13.9,12.0,37.0,'01-02
17,18,Los Angeles Clippers,82,39,43,48.3,14.3,15.6,9.9,43.3,15.8,15.3,10.0,42.0,'01-02
18,19,Washington Wizards,82,37,45,48.1,14.2,14.8,8.5,32.7,15.1,13.3,12.6,36.0,'01-02
19,20,Miami Heat,82,36,46,48.6,14.1,12.4,9.6,33.0,16.3,12.0,11.4,33.4,'01-02
20,20,Phoenix Suns,82,36,46,48.4,16.1,14.9,12.4,43.3,16.1,14.5,11.7,38.2,'01-02
21,22,Atlanta Hawks,82,33,49,48.2,17.0,12.0,14.8,39.8,17.8,13.8,16.7,40.7,'01-02
22,23,New York Knicks,82,30,52,48.3,14.3,12.7,9.6,33.0,17.0,13.5,11.1,38.0,'01-02
23,24,Cleveland Cavaliers,82,29,53,48.4,13.5,13.1,11.7,34.1,16.6,13.4,13.0,39.7,'01-02
24,25,Houston Rockets,82,28,54,48.7,13.4,12.8,9.0,34.7,16.1,14.4,12.7,41.5,'01-02
25,26,Denver Nuggets,82,27,55,48.3,14.9,14.7,14.0,38.7,16.9,14.6,15.3,41.1,'01-02
26,27,Memphis Grizzlies,82,23,59,48.2,15.0,13.8,11.7,39.4,17.9,14.1,14.3,43.6,'01-02
27,28,Chicago Bulls,82,21,61,48.3,14.9,12.1,11.3,33.2,16.3,13.3,11.5,37.6,'01-02
28,28,Golden State Warriors,82,21,61,48.2,16.5,16.8,14.7,46.0,18.6,14.6,14.3,46.0,'01-02
0,1,Dallas Mavericks,82,60,22,48.2,17.9,13.5,14.3,38.0,12.4,14.3,12.3,38.5,'02-03
1,1,San Antonio Spurs,82,60,22,48.4,16.3,12.7,11.8,43.5,16.7,14.0,12.2,37.5,'02-03
2,3,Sacramento Kings,82,59,23,48.4,17.3,12.3,14.0,40.7,15.6,14.6,12.4,38.2,'02-03
3,4,Minnesota Timberwolves,82,51,31,48.3,15.6,14.4,12.4,38.2,15.0,13.8,11.7,38.2,'02-03
4,5,Detroit Pistons,82,50,32,48.5,15.2,11.7,10.2,31.6,14.0,11.7,10.2,34.0,'02-03
5,5,Los Angeles Lakers,82,50,32,48.6,15.6,15.3,10.5,41.2,15.9,13.8,11.9,37.7,'02-03
6,5,Portland Trail Blazers,82,50,32,48.4,17.6,13.5,12.2,43.2,17.2,13.3,12.9,38.0,'02-03
7,8,New Jersey Nets,82,49,33,48.2,18.3,13.8,18.7,41.3,15.6,12.3,10.9,34.2,'02-03
8,9,Indiana Pacers,82,48,34,48.5,16.5,14.0,14.7,38.4,16.3,13.7,13.8,37.9,'02-03
9,9,Philadelphia 76ers,82,48,34,48.4,19.5,14.3,15.5,45.1,16.3,12.3,13.8,36.8,'02-03
10,11,New Orleans Hornets,82,47,35,48.5,16.5,15.6,11.1,36.1,15.9,13.2,12.0,38.6,'02-03
11,11,Utah Jazz,82,47,35,48.2,17.8,13.7,11.7,39.2,17.6,12.9,11.7,35.3,'02-03
12,13,Boston Celtics,82,44,38,48.4,17.2,11.8,8.9,34.5,15.0,13.5,11.2,31.9,'02-03
13,13,Phoenix Suns,82,44,38,48.3,17.9,14.2,11.0,41.1,15.2,15.2,10.4,39.1,'02-03
14,15,Houston Rockets,82,43,39,48.6,15.1,13.8,11.5,38.5,16.5,13.2,10.7,34.8,'02-03
15,16,Milwaukee Bucks,82,42,40,48.5,16.1,12.4,12.4,36.4,14.4,15.0,11.9,38.6,'02-03
16,16,Orlando Magic,82,42,40,48.3,17.9,13.2,12.7,32.7,15.4,14.0,12.5,40.5,'02-03
17,18,Seattle SuperSonics,82,40,42,48.4,17.3,13.2,11.6,36.1,15.0,13.1,12.5,36.4,'02-03
18,19,Golden State Warriors,82,38,44,48.2,14.8,17.2,13.9,42.6,18.2,16.0,14.1,44.5,'02-03
19,20,New York Knicks,82,37,45,48.4,15.4,12.2,8.4,29.6,15.9,12.9,10.4,41.4,'02-03
20,20,Washington Wizards,82,37,45,48.4,15.2,12.9,8.7,30.6,15.2,13.7,11.7,35.7,'02-03
21,22,Atlanta Hawks,82,35,47,48.5,14.2,13.3,12.7,35.0,19.0,14.7,13.2,39.1,'02-03
22,23,Chicago Bulls,82,30,52,48.6,15.0,13.7,12.3,44.0,18.6,14.3,12.6,39.1,'02-03
23,24,Memphis Grizzlies,82,28,54,48.6,16.0,13.8,16.1,41.4,16.8,15.3,13.8,45.5,'02-03
24,25,Los Angeles Clippers,82,27,55,48.2,15.1,13.7,11.9,42.9,17.2,14.8,9.9,40.4,'02-03
25,26,Miami Heat,82,25,57,48.4,14.7,12.8,9.9,31.5,15.0,11.9,10.4,35.3,'02-03
26,27,Toronto Raptors,82,24,58,48.3,13.9,14.1,15.1,35.0,15.9,14.2,18.3,43.2,'02-03
27,28,Cleveland Cavaliers,82,17,65,48.4,15.2,14.8,14.1,39.4,20.3,13.1,16.3,39.5,'02-03
28,28,Denver Nuggets,82,17,65,48.1,16.7,13.9,11.3,37.6,19.4,11.3,13.9,35.0,'02-03
0,1,Indiana Pacers,82,61,21,48.3,17.1,13.5,10.8,35.3,14.9,11.4,11.7,35.6,'03-04
1,2,Minnesota Timberwolves,82,58,24,48.2,14.8,12.4,10.9,32.5,13.1,13.1,11.0,35.3,'03-04
2,3,San Antonio Spurs,82,57,25,48.2,16.3,14.1,9.3,39.4,14.5,11.9,10.6,36.4,'03-04
3,4,Los Angeles Lakers,82,56,26,48.4,16.6,13.9,11.3,44.0,14.5,13.1,11.0,37.7,'03-04
4,5,Sacramento Kings,82,55,27,48.2,17.0,12.7,12.2,36.8,15.1,14.1,13.2,42.6,'03-04
5,6,Detroit Pistons,82,54,28,48.2,16.6,12.4,12.3,38.7,14.6,12.7,10.3,33.7,'03-04
6,7,Dallas Mavericks,82,52,30,48.3,17.2,15.9,17.5,45.4,13.9,13.2,14.4,44.0,'03-04
7,8,Memphis Grizzlies,82,50,32,48.5,19.3,14.1,16.4,44.7,15.5,15.0,13.1,41.4,'03-04
8,9,New Jersey Nets,82,47,35,48.1,16.8,11.2,15.6,38.7,15.5,11.4,11.0,33.1,'03-04
9,10,Houston Rockets,82,45,37,48.6,14.4,11.7,7.8,32.9,17.1,12.4,10.3,30.3,'03-04
10,11,Denver Nuggets,82,43,39,48.1,18.3,13.3,19.9,42.0,16.4,14.2,14.0,42.9,'03-04
11,12,Miami Heat,82,42,40,48.2,15.9,13.1,12.5,35.2,15.2,12.2,9.9,33.5,'03-04
12,12,Utah Jazz,82,42,40,48.2,16.5,14.2,11.8,35.9,17.0,11.7,11.5,32.2,'03-04
13,14,Milwaukee Bucks,82,41,41,48.2,14.9,13.1,12.6,41.0,14.8,13.4,13.2,40.6,'03-04
14,14,New Orleans Hornets,82,41,41,48.4,17.0,14.6,12.9,34.5,16.1,13.1,11.5,37.4,'03-04
15,14,Portland Trail Blazers,82,41,41,48.7,14.8,14.4,10.6,39.8,16.5,13.8,12.2,38.9,'03-04
16,17,New York Knicks,82,39,43,48.5,14.0,12.3,8.8,34.5,17.0,12.6,10.7,34.7,'03-04
17,18,Golden State Warriors,82,37,45,48.4,15.4,13.5,8.6,40.5,15.3,13.4,12.2,38.7,'03-04
18,18,Seattle SuperSonics,82,37,45,48.3,16.7,12.7,13.1,36.1,17.2,15.2,13.5,39.0,'03-04
19,20,Boston Celtics,82,36,46,48.1,18.4,12.2,11.9,35.1,17.6,14.7,12.1,35.5,'03-04
20,21,Cleveland Cavaliers,82,35,47,48.4,14.6,15.7,12.9,41.9,15.7,13.4,13.1,38.1,'03-04
21,22,Philadelphia 76ers,82,33,49,48.4,15.3,12.1,13.4,35.8,16.8,13.3,11.9,36.6,'03-04
22,22,Toronto Raptors,82,33,49,48.7,15.2,11.3,9.3,30.3,14.5,13.9,11.3,37.7,'03-04
23,24,Phoenix Suns,82,29,53,48.1,17.4,12.2,13.2,42.4,17.0,15.0,11.2,40.0,'03-04
24,25,Atlanta Hawks,82,28,54,48.5,14.9,13.0,12.2,37.2,18.9,14.0,13.7,40.0,'03-04
25,25,Los Angeles Clippers,82,28,54,48.3,15.1,16.4,9.0,42.5,18.7,14.4,11.1,42.7,'03-04
26,27,Washington Wizards,82,25,57,48.4,17.1,15.0,13.7,38.6,20.1,13.6,15.9,40.0,'03-04
27,28,Chicago Bulls,82,23,59,48.4,15.1,13.7,10.4,34.5,17.4,13.2,12.0,36.5,'03-04
28,29,Orlando Magic,82,21,61,48.4,14.9,14.1,10.8,33.5,16.7,15.4,14.1,44.8,'03-04
0,1,Phoenix Suns,82,62,20,48.2,16.4,14.1,18.5,43.2,15.9,17.4,12.0,43.2,'04-05
1,2,Miami Heat,82,59,23,48.7,14.9,12.6,11.6,43.5,14.9,12.9,11.6,34.1,'04-05
2,2,San Antonio Spurs,82,59,23,48.3,16.2,12.8,12.8,42.2,14.6,12.3,10.9,37.2,'04-05
3,4,Dallas Mavericks,82,58,24,48.1,18.1,13.6,14.7,38.6,15.0,14.6,13.7,39.8,'04-05
4,5,Detroit Pistons,82,54,28,48.7,15.6,14.1,12.6,36.4,14.5,12.1,12.3,35.0,'04-05
5,6,Seattle SuperSonics,82,52,30,48.2,15.7,15.7,9.8,36.9,15.4,13.6,12.1,39.8,'04-05
6,7,Houston Rockets,82,51,31,48.4,14.9,13.5,9.5,32.6,15.1,11.5,10.1,30.9,'04-05
7,8,Sacramento Kings,82,50,32,48.4,16.7,14.6,12.0,36.7,15.2,15.0,12.9,42.9,'04-05
8,9,Denver Nuggets,82,49,33,48.2,18.4,13.5,19.3,43.5,16.0,14.0,13.0,39.2,'04-05
9,10,Chicago Bulls,82,47,35,48.4,16.8,14.1,9.9,36.9,17.2,12.6,10.3,33.3,'04-05
10,11,Boston Celtics,82,45,37,48.5,17.7,12.5,14.8,43.5,17.7,15.0,12.4,39.5,'04-05
11,11,Memphis Grizzlies,82,45,37,48.1,17.8,12.1,11.2,40.2,15.7,14.1,12.4,34.4,'04-05
12,11,Washington Wizards,82,45,37,48.2,19.0,16.2,15.6,40.4,15.8,14.8,12.2,40.7,'04-05
13,14,Indiana Pacers,82,44,38,48.5,14.9,12.6,8.0,32.1,14.4,12.5,10.9,35.3,'04-05
14,14,Minnesota Timberwolves,82,44,38,48.2,13.0,13.0,11.1,33.1,15.2,13.7,11.6,38.6,'04-05
15,16,Philadelphia 76ers,82,43,39,48.4,17.9,11.7,14.9,39.9,17.4,13.4,10.1,35.0,'04-05
16,17,Cleveland Cavaliers,82,42,40,48.4,17.7,15.1,12.7,42.1,15.3,13.2,12.6,37.9,'04-05
17,17,New Jersey Nets,82,42,40,48.5,17.6,12.1,10.7,31.1,14.8,12.6,11.2,32.0,'04-05
18,19,Los Angeles Clippers,82,37,45,48.9,15.0,13.8,8.6,39.9,17.5,12.9,10.0,39.3,'04-05
19,20,Orlando Magic,82,36,46,48.1,16.7,13.8,18.1,39.7,17.9,14.1,14.7,40.9,'04-05
20,21,Golden State Warriors,82,34,48,48.5,16.3,14.0,13.7,37.5,15.7,15.0,13.0,43.0,'04-05
21,21,Los Angeles Lakers,82,34,48,48.2,13.4,13.8,11.9,38.7,16.9,14.7,13.0,39.8,'04-05
22,23,New York Knicks,82,33,49,48.5,15.8,14.7,9.2,37.4,16.6,13.5,12.4,40.0,'04-05
23,23,Toronto Raptors,82,33,49,48.3,15.4,11.6,11.6,34.1,15.3,13.8,11.7,41.9,'04-05
24,25,Milwaukee Bucks,82,30,52,48.2,14.6,14.2,10.3,38.9,16.2,13.6,15.0,41.9,'04-05
25,26,Portland Trail Blazers,82,27,55,48.1,14.7,13.6,13.4,42.3,17.7,15.8,14.3,41.6,'04-05
26,27,Utah Jazz,82,26,56,48.2,15.4,14.3,9.9,37.2,17.8,12.1,13.4,35.6,'04-05
27,28,Charlotte Bobcats,82,18,64,48.5,16.6,15.7,10.5,36.9,16.6,13.1,14.0,40.8,'04-05
28,28,New Orleans Hornets,82,18,64,48.6,14.4,13.6,10.1,32.6,17.5,13.6,11.7,36.7,'04-05
29,30,Atlanta Hawks,82,13,69,48.4,16.2,14.3,11.7,43.6,18.5,13.6,13.1,41.4,'04-05
0,1,Detroit Pistons,82,64,18,48.4,15.7,13.5,12.0,32.2,13.5,12.6,11.4,40.1,'05-06
1,2,San Antonio Spurs,82,63,19,48.3,15.5,12.5,9.5,42.1,13.1,11.8,11.0,39.1,'05-06
2,3,Dallas Mavericks,82,60,22,48.5,16.0,14.0,13.7,37.7,14.0,12.8,12.3,35.9,'05-06
3,4,Phoenix Suns,82,54,28,48.7,17.0,11.0,16.0,37.4,14.9,14.6,11.2,41.4,'05-06
4,5,Miami Heat,82,52,30,48.2,15.3,13.5,12.8,46.4,16.4,11.9,12.4,35.3,'05-06
5,6,Cleveland Cavaliers,82,50,32,48.4,15.1,12.7,12.6,41.1,15.6,11.9,10.8,37.2,'05-06
6,7,Memphis Grizzlies,82,49,33,48.4,16.0,12.5,9.0,37.5,14.8,12.6,12.3,36.3,'05-06
7,7,New Jersey Nets,82,49,33,48.2,16.2,11.3,12.9,33.4,14.7,10.7,11.3,34.4,'05-06
8,9,Los Angeles Clippers,82,47,35,48.3,13.4,12.4,9.0,39.8,15.7,12.5,9.8,39.0,'05-06
9,10,Los Angeles Lakers,82,45,37,48.4,16.9,13.9,9.9,39.3,14.0,13.2,10.1,39.1,'05-06
10,11,Denver Nuggets,82,44,38,48.6,18.0,12.4,20.2,42.9,16.7,14.2,14.2,41.1,'05-06
11,11,Sacramento Kings,82,44,38,48.4,16.8,12.6,10.8,36.5,16.5,12.8,12.1,39.9,'05-06
12,13,Washington Wizards,82,42,40,48.4,18.6,14.9,15.4,39.9,15.9,13.1,12.5,40.4,'05-06
13,14,Chicago Bulls,82,41,41,48.5,16.3,13.1,9.6,35.2,16.3,13.1,10.6,32.2,'05-06
14,14,Indiana Pacers,82,41,41,48.1,13.9,12.7,8.6,35.3,16.2,13.1,11.1,37.9,'05-06
15,14,Utah Jazz,82,41,41,48.5,15.0,14.7,10.1,37.6,17.6,12.5,12.6,34.6,'05-06
16,17,Milwaukee Bucks,82,40,42,48.4,16.8,13.4,13.3,40.4,16.7,12.2,12.1,39.7,'05-06
17,18,New Orleans/Oklahoma City Hornets,82,38,44,48.3,16.1,13.3,12.0,37.8,14.3,12.4,12.0,36.3,'05-06
18,18,Philadelphia 76ers,82,38,44,48.5,17.3,12.5,12.1,42.2,15.9,14.0,13.4,41.4,'05-06
19,20,Orlando Magic,82,36,46,48.5,15.2,13.2,11.4,40.4,17.1,13.1,12.3,36.8,'05-06
20,21,Seattle SuperSonics,82,35,47,48.4,16.2,15.0,14.9,39.8,17.6,15.3,13.3,42.8,'05-06
21,22,Golden State Warriors,82,34,48,48.4,15.6,12.9,14.0,38.8,16.1,13.7,13.3,40.8,'05-06
22,22,Houston Rockets,82,34,48,48.4,14.6,12.8,7.9,33.9,15.2,11.6,10.2,30.0,'05-06
23,24,Boston Celtics,82,33,49,48.5,15.4,12.0,12.1,39.6,18.9,13.2,10.9,39.7,'05-06
24,24,Minnesota Timberwolves,82,33,49,48.4,15.3,11.4,10.8,34.9,15.5,14.5,10.2,39.6,'05-06
25,26,Toronto Raptors,82,27,55,48.7,16.2,13.0,10.9,35.5,15.0,12.9,12.4,43.0,'05-06
26,27,Atlanta Hawks,82,26,56,48.5,16.6,14.6,11.1,40.6,18.1,15.2,12.0,44.4,'05-06
27,27,Charlotte Bobcats,82,26,56,48.5,19.3,13.4,13.1,39.3,15.5,13.6,11.4,43.4,'05-06
28,29,New York Knicks,82,23,59,48.6,15.1,14.6,7.7,43.3,20.0,12.9,11.7,37.0,'05-06
29,30,Portland Trail Blazers,82,21,61,48.1,13.3,12.5,9.5,36.9,17.3,14.0,12.4,38.9,'05-06
0,1,Dallas Mavericks,82,67,15,48.2,17.0,13.2,13.4,35.3,15.2,11.4,12.7,36.9,'06-07
1,2,Phoenix Suns,82,61,21,48.5,17.5,11.5,17.0,43.8,16.2,15.3,10.5,42.3,'06-07
2,3,San Antonio Spurs,82,58,24,48.2,16.8,12.0,11.6,39.9,15.3,12.4,10.8,38.9,'06-07
3,4,Detroit Pistons,82,53,29,48.5,16.8,14.0,10.6,35.3,13.2,13.3,11.2,37.2,'06-07
4,5,Houston Rockets,82,52,30,48.4,15.2,12.7,7.4,35.3,14.8,11.6,9.6,33.0,'06-07
5,6,Utah Jazz,82,51,31,48.3,16.3,15.0,9.4,43.1,17.5,11.1,12.2,38.2,'06-07
6,7,Cleveland Cavaliers,82,50,32,48.5,16.6,15.1,12.2,40.3,14.7,12.3,10.7,38.1,'06-07
7,8,Chicago Bulls,82,49,33,48.2,19.1,13.3,12.3,35.7,17.2,11.9,10.7,35.1,'06-07
8,9,Toronto Raptors,82,47,35,48.2,16.8,10.6,12.6,35.3,15.1,12.6,11.7,40.0,'06-07
9,10,Denver Nuggets,82,45,37,48.2,19.3,13.6,18.6,46.7,18.6,14.3,14.6,44.8,'06-07
10,11,Miami Heat,82,44,38,48.4,15.5,11.8,10.8,40.6,16.4,13.3,12.8,36.1,'06-07
11,12,Golden State Warriors,82,42,40,48.2,21.3,12.8,20.4,46.8,18.3,16.0,13.4,43.9,'06-07
12,12,Los Angeles Lakers,82,42,40,48.9,17.0,13.1,9.6,42.1,18.2,14.1,12.2,43.7,'06-07
13,14,New Jersey Nets,82,41,41,48.5,16.7,11.1,13.3,36.6,16.6,12.5,11.1,35.6,'06-07
14,14,Washington Wizards,82,41,41,48.4,19.0,14.0,15.3,38.9,16.1,14.4,13.3,41.6,'06-07
15,16,Los Angeles Clippers,82,40,42,48.1,15.4,13.0,7.9,36.9,16.5,12.1,9.0,40.0,'06-07
16,16,Orlando Magic,82,40,42,48.2,17.0,13.5,14.0,43.1,18.0,11.6,13.0,34.0,'06-07
17,18,New Orleans/Oklahoma City Hornets,82,39,43,48.5,15.1,14.9,12.3,41.8,16.1,13.0,11.9,37.8,'06-07
18,19,Indiana Pacers,82,35,47,48.2,17.1,12.7,11.7,36.7,18.5,13.2,12.6,38.7,'06-07
19,19,Philadelphia 76ers,82,35,47,48.5,16.9,12.8,14.0,39.9,17.2,14.3,11.9,41.2,'06-07
20,21,Charlotte Bobcats,82,33,49,48.8,16.6,13.6,9.6,39.1,16.9,12.9,13.1,42.0,'06-07
21,21,New York Knicks,82,33,49,48.8,15.0,15.0,9.3,45.2,18.4,13.2,10.1,38.1,'06-07
22,21,Sacramento Kings,82,33,49,48.3,18.6,11.7,11.6,38.5,15.5,12.8,12.5,41.9,'06-07
23,24,Minnesota Timberwolves,82,32,50,48.8,15.3,11.9,9.0,35.0,17.5,13.8,11.8,40.4,'06-07
24,24,Portland Trail Blazers,82,32,50,48.7,15.2,14.0,6.3,38.1,18.3,12.6,13.9,41.2,'06-07
25,26,Seattle SuperSonics,82,31,51,48.4,16.6,14.0,11.8,42.6,17.7,14.7,12.6,43.6,'06-07
26,27,Atlanta Hawks,82,30,52,48.5,16.3,14.0,11.8,38.7,18.1,13.7,13.3,43.0,'06-07
27,28,Milwaukee Bucks,82,28,54,48.4,17.6,13.7,13.0,45.3,17.5,14.2,12.9,43.5,'06-07
28,29,Boston Celtics,82,24,58,48.4,17.4,13.1,12.0,39.0,18.2,12.0,12.4,41.7,'06-07
29,30,Memphis Grizzlies,82,22,60,48.7,16.8,12.8,14.3,42.5,19.8,14.2,14.6,45.4,'06-07
0,1,Boston Celtics,82,66,16,48.2,18.9,12.9,11.0,38.9,16.2,12.5,9.1,34.1,'07-08
1,2,Detroit Pistons,82,59,23,48.1,15.5,14.4,11.5,32.3,11.8,11.4,9.6,35.2,'07-08
2,3,Los Angeles Lakers,82,57,25,48.2,17.1,13.2,12.4,43.8,15.8,14.3,11.9,41.2,'07-08
3,4,New Orleans Hornets,82,56,26,48.3,16.7,13.2,13.6,40.2,12.5,11.3,11.3,38.2,'07-08
4,4,San Antonio Spurs,82,56,26,48.1,14.4,11.1,9.5,36.1,14.0,10.5,11.5,35.5,'07-08
5,6,Houston Rockets,82,55,27,48.1,14.9,14.7,8.2,39.9,14.4,12.7,12.9,35.8,'07-08
6,6,Phoenix Suns,82,55,27,48.2,15.9,10.8,17.3,44.4,16.1,15.4,12.2,44.8,'07-08
7,8,Utah Jazz,82,54,28,48.1,18.7,14.4,11.3,47.3,16.2,12.8,13.6,39.7,'07-08
8,9,Orlando Magic,82,52,30,48.2,15.3,12.2,12.5,41.8,16.1,12.7,12.5,37.4,'07-08
9,10,Dallas Mavericks,82,51,31,48.1,14.5,12.2,14.5,35.5,13.9,12.9,12.8,39.2,'07-08
10,11,Denver Nuggets,82,50,32,48.4,18.1,13.8,19.0,46.6,17.0,14.6,14.2,43.0,'07-08
11,12,Golden State Warriors,82,48,34,48.2,20.0,14.7,23.0,48.6,15.6,15.7,14.3,45.0,'07-08
12,13,Cleveland Cavaliers,82,45,37,48.4,14.0,15.2,11.8,38.1,15.8,11.3,12.4,37.5,'07-08
13,14,Washington Wizards,82,43,39,48.5,15.6,15.2,10.3,39.1,15.0,13.1,12.9,37.6,'07-08
14,15,Portland Trail Blazers,82,41,41,48.5,14.1,13.0,7.9,31.0,14.5,13.5,12.5,40.5,'07-08
15,15,Toronto Raptors,82,41,41,48.4,16.6,11.2,8.0,34.3,13.6,11.7,10.6,37.6,'07-08
16,17,Philadelphia 76ers,82,40,42,48.2,18.1,13.8,18.2,45.0,15.0,13.1,10.0,40.9,'07-08
17,18,Sacramento Kings,82,38,44,48.4,17.7,11.4,12.8,40.6,18.4,13.6,13.1,41.4,'07-08
18,19,Atlanta Hawks,82,37,45,48.4,15.8,14.0,16.8,43.0,17.2,14.2,13.3,43.5,'07-08
19,20,Indiana Pacers,82,36,46,48.2,17.0,13.5,13.3,37.0,17.2,13.2,12.0,37.0,'07-08
20,21,New Jersey Nets,82,34,48,48.4,14.5,12.2,13.1,36.7,16.7,13.4,12.7,37.4,'07-08
21,22,Chicago Bulls,82,33,49,48.3,16.1,14.4,11.1,35.7,16.4,12.7,12.9,35.6,'07-08
22,23,Charlotte Bobcats,82,32,50,48.5,16.0,13.0,12.2,40.3,16.8,15.0,13.5,43.9,'07-08
23,24,Milwaukee Bucks,82,26,56,48.4,14.7,14.1,10.2,41.5,17.2,13.0,14.2,41.6,'07-08
24,25,Los Angeles Clippers,82,23,59,48.3,15.0,11.2,8.7,34.7,15.7,13.2,10.4,43.5,'07-08
25,25,New York Knicks,82,23,59,48.5,13.7,14.7,9.3,41.9,17.3,13.5,12.5,41.0,'07-08
26,27,Memphis Grizzlies,82,22,60,48.3,15.3,11.9,15.0,44.0,18.0,13.0,16.2,45.8,'07-08
27,27,Minnesota Timberwolves,82,22,60,48.1,14.2,15.0,8.8,43.2,17.8,13.0,14.5,38.9,'07-08
28,29,Seattle SuperSonics,82,20,62,48.4,13.6,13.3,15.8,41.1,18.3,13.9,14.1,44.2,'07-08
29,30,Miami Heat,82,15,67,48.4,15.2,10.2,9.7,33.3,17.0,13.9,13.5,38.8,'07-08
0,1,Cleveland Cavaliers,82,66,16,48.2,17.2,12.9,11.4,35.7,14.7,12.0,12.6,37.1,'08-09
1,2,Los Angeles Lakers,82,65,17,48.2,18.8,15.7,12.3,47.0,15.1,13.3,11.5,41.7,'08-09
2,3,Boston Celtics,82,62,20,48.5,17.3,12.6,11.8,41.8,17.5,11.0,10.6,36.1,'08-09
3,4,Orlando Magic,82,59,23,48.1,14.4,12.7,11.5,35.9,15.0,12.5,11.2,35.7,'08-09
4,5,Denver Nuggets,82,54,28,48.1,18.0,13.7,16.8,44.0,16.8,14.3,11.6,39.0,'08-09
5,5,Portland Trail Blazers,82,54,28,48.4,15.7,15.4,9.2,38.7,14.1,12.1,10.3,38.4,'08-09
6,5,San Antonio Spurs,82,54,28,48.5,13.4,11.2,9.4,35.1,13.2,10.8,12.1,37.0,'08-09
7,8,Houston Rockets,82,53,29,48.3,13.5,13.4,8.7,40.0,15.7,11.7,11.7,38.0,'08-09
8,9,Dallas Mavericks,82,50,32,48.3,15.4,12.2,15.2,35.2,14.8,13.0,13.3,38.9,'08-09
9,10,New Orleans Hornets,82,49,33,48.2,15.0,11.3,10.4,37.9,13.9,11.7,11.2,35.8,'08-09
10,11,Utah Jazz,82,48,34,48.5,19.2,13.9,12.8,45.0,16.6,13.6,13.3,43.3,'08-09
11,12,Atlanta Hawks,82,47,35,48.1,15.5,12.7,15.6,39.8,14.0,13.3,12.5,40.8,'08-09
12,13,Phoenix Suns,82,46,36,48.2,16.7,12.9,17.6,52.0,18.6,15.4,13.2,39.8,'08-09
13,14,Miami Heat,82,43,39,48.7,17.3,12.0,9.7,37.1,14.7,13.0,11.4,39.1,'08-09
14,15,Chicago Bulls,82,41,41,48.6,17.1,13.9,15.0,37.9,16.9,15.4,12.7,43.2,'08-09
15,15,Philadelphia 76ers,82,41,41,48.2,18.1,14.5,17.6,44.5,16.3,13.3,11.1,39.8,'08-09
16,17,Detroit Pistons,82,39,43,48.5,13.4,13.5,9.9,34.5,13.1,11.7,10.4,37.6,'08-09
17,18,Indiana Pacers,82,36,46,48.4,15.2,14.0,13.3,41.5,17.0,12.6,12.5,37.8,'08-09
18,19,Charlotte Bobcats,82,35,47,48.6,17.2,12.3,10.1,40.1,16.6,13.4,10.6,37.6,'08-09
19,20,Milwaukee Bucks,82,34,48,48.2,18.6,13.6,11.6,37.9,16.6,12.9,11.9,36.2,'08-09
20,20,New Jersey Nets,82,34,48,48.4,15.2,11.8,11.1,37.1,15.6,13.1,13.2,38.4,'08-09
21,22,Toronto Raptors,82,33,49,48.3,15.1,11.9,9.4,34.4,15.6,13.4,11.5,40.6,'08-09
22,23,New York Knicks,82,32,50,48.3,17.0,13.4,10.7,41.9,16.7,13.7,12.9,45.7,'08-09
23,24,Golden State Warriors,82,29,53,48.5,16.6,13.9,18.4,43.1,18.0,17.1,16.8,48.6,'08-09
24,25,Memphis Grizzlies,82,24,58,48.3,16.5,11.4,11.9,41.1,16.1,12.7,12.3,41.7,'08-09
25,25,Minnesota Timberwolves,82,24,58,48.3,14.2,14.6,10.0,40.9,16.5,12.1,13.0,39.8,'08-09
26,27,Oklahoma City Thunder,82,23,59,48.3,15.3,13.9,14.5,42.3,19.0,13.0,14.0,44.7,'08-09
27,28,Los Angeles Clippers,82,19,63,48.5,14.1,12.7,10.6,40.9,16.8,14.6,11.9,44.5,'08-09
28,28,Washington Wizards,82,19,63,48.1,15.3,13.6,10.6,41.4,17.4,13.2,13.7,40.0,'08-09
29,30,Sacramento Kings,82,17,65,48.5,15.8,12.0,12.1,37.6,18.7,13.9,14.3,45.6,'08-09
0,1,Cleveland Cavaliers,82,61,21,48.2,15.4,12.8,14.0,44.0,15.6,11.7,13.2,36.8,'09-10
1,2,Orlando Magic,82,59,23,48.1,14.3,12.7,12.1,38.7,16.3,11.7,11.2,36.6,'09-10
2,3,Los Angeles Lakers,82,57,25,48.4,16.3,15.3,11.2,43.8,15.2,12.9,12.8,40.7,'09-10
3,4,Dallas Mavericks,82,55,27,48.5,16.4,11.7,16.0,38.0,15.0,12.9,13.4,41.7,'09-10
4,5,Phoenix Suns,82,54,28,48.1,14.7,13.8,16.0,45.4,17.2,16.1,15.3,43.8,'09-10
5,6,Atlanta Hawks,82,53,29,48.4,16.7,13.6,16.2,44.6,13.6,14.0,15.9,42.9,'09-10
6,6,Denver Nuggets,82,53,29,48.2,18.0,13.7,15.1,43.1,16.5,14.0,13.9,42.6,'09-10
7,6,Utah Jazz,82,53,29,48.2,18.4,13.2,15.3,48.6,17.1,12.1,15.0,40.0,'09-10
8,9,Boston Celtics,82,50,32,48.2,17.4,11.1,14.2,44.1,16.1,12.8,11.6,38.2,'09-10
9,9,Oklahoma City Thunder,82,50,32,48.3,17.9,13.9,15.7,43.0,16.3,14.3,12.5,44.0,'09-10
10,9,Portland Trail Blazers,82,50,32,48.4,16.3,13.9,9.5,36.5,14.1,12.8,11.2,40.9,'09-10
11,9,San Antonio Spurs,82,50,32,48.2,14.7,12.9,12.5,43.3,15.7,12.6,14.7,41.0,'09-10
12,13,Miami Heat,82,47,35,48.5,16.3,12.9,9.6,37.0,13.8,12.6,11.4,37.0,'09-10
13,14,Milwaukee Bucks,82,46,36,48.7,16.3,13.9,10.5,37.0,14.8,11.1,12.8,37.5,'09-10
14,15,Charlotte Bobcats,82,44,38,48.5,17.6,12.2,14.2,43.1,16.9,12.7,12.8,39.6,'09-10
15,16,Houston Rockets,82,42,40,48.5,16.9,14.2,14.6,44.0,16.4,13.4,14.1,45.6,'09-10
16,17,Chicago Bulls,82,41,41,48.5,14.3,13.4,14.2,40.5,15.5,12.9,13.3,39.7,'09-10
17,18,Memphis Grizzlies,82,40,42,48.5,17.1,15.9,17.6,51.3,18.8,13.2,18.0,47.7,'09-10
18,18,Toronto Raptors,82,40,42,48.2,15.5,12.5,14.8,42.3,15.6,13.5,17.2,42.4,'09-10
19,20,New Orleans Hornets,82,37,45,48.4,16.9,13.0,15.1,42.7,15.9,13.4,14.4,45.2,'09-10
20,21,Indiana Pacers,82,32,50,48.1,15.9,11.2,13.2,38.2,17.4,14.0,13.5,39.3,'09-10
21,22,Los Angeles Clippers,82,29,53,48.1,14.0,13.4,12.8,41.9,18.8,13.5,13.6,43.5,'09-10
22,22,New York Knicks,82,29,53,48.5,15.6,12.8,9.9,40.2,15.9,14.1,12.7,47.2,'09-10
23,24,Detroit Pistons,82,27,55,48.2,17.0,14.9,12.9,38.3,16.2,12.9,14.1,38.6,'09-10
24,24,Philadelphia 76ers,82,27,55,48.3,16.2,13.6,18.9,41.7,16.4,12.7,13.7,42.5,'09-10
25,26,Golden State Warriors,82,26,56,48.1,21.2,11.9,23.7,41.6,17.9,16.0,18.2,48.4,'09-10
26,26,Washington Wizards,82,26,56,48.4,14.9,13.7,10.8,37.8,17.1,13.5,13.8,41.6,'09-10
27,28,Sacramento Kings,82,25,57,48.5,16.2,14.5,15.0,44.8,16.8,13.8,15.0,45.0,'09-10
28,29,Minnesota Timberwolves,82,15,67,48.2,15.6,14.5,15.1,43.6,19.6,13.4,17.9,44.6,'09-10
29,30,New Jersey Nets,82,12,70,48.2,14.9,11.9,12.9,40.2,16.6,13.9,16.5,44.9,'09-10
0,1,Chicago Bulls,82,62,20,48.4,15.9,15.0,13.5,41.9,15.4,11.9,13.0,36.2,'10-11
1,2,San Antonio Spurs,82,61,21,48.2,15.9,11.4,15.3,42.3,15.3,13.2,14.0,41.2,'10-11
2,3,Miami Heat,82,58,24,48.2,16.1,11.8,14.2,38.0,15.5,12.8,13.0,38.6,'10-11
3,4,Dallas Mavericks,82,57,25,48.1,15.3,11.5,14.8,37.1,15.4,12.6,13.9,42.0,'10-11
4,4,Los Angeles Lakers,82,57,25,48.4,15.2,15.0,11.6,44.5,14.7,13.8,13.7,39.9,'10-11
5,6,Boston Celtics,82,56,26,48.2,16.2,9.5,12.5,41.5,15.1,12.5,11.2,37.0,'10-11
6,7,Oklahoma City Thunder,82,55,27,48.8,16.9,13.4,16.2,42.7,15.4,14.4,12.3,44.9,'10-11
7,8,Orlando Magic,82,52,30,48.4,15.1,12.8,11.2,37.2,16.5,11.5,10.7,35.4,'10-11
8,9,Denver Nuggets,82,50,32,48.1,16.3,12.6,14.1,44.4,15.6,13.2,12.2,41.2,'10-11
9,10,Portland Trail Blazers,82,48,34,48.3,17.4,14.1,10.1,40.6,15.0,13.3,11.4,40.2,'10-11
10,11,Memphis Grizzlies,82,46,36,48.5,19.5,14.7,16.6,51.4,15.3,12.7,15.0,40.3,'10-11
11,11,New Orleans Hornets,82,46,36,48.4,16.4,12.0,11.2,37.6,14.6,10.5,11.7,38.1,'10-11
12,13,Atlanta Hawks,82,44,38,48.1,14.2,11.4,14.3,36.9,15.2,12.8,14.1,40.5,'10-11
13,14,Houston Rockets,82,43,39,48.5,17.1,14.3,15.0,43.0,15.2,14.3,14.7,45.9,'10-11
14,15,New York Knicks,82,42,40,48.2,17.8,12.4,13.4,40.9,16.1,14.5,12.7,46.0,'10-11
15,16,Philadelphia 76ers,82,41,41,48.6,16.4,12.1,17.6,41.3,14.7,12.2,13.3,41.0,'10-11
16,17,Phoenix Suns,82,40,42,48.8,15.9,12.2,13.8,41.8,16.8,14.0,14.0,43.8,'10-11
17,18,Utah Jazz,82,39,43,48.5,15.9,13.3,14.0,43.4,16.6,12.9,13.1,40.3,'10-11
18,19,Indiana Pacers,82,37,45,48.2,15.4,13.6,13.9,38.5,17.1,12.9,13.3,39.0,'10-11
19,20,Golden State Warriors,82,36,46,48.4,19.6,13.1,18.8,42.6,17.6,14.4,19.3,45.5,'10-11
20,21,Milwaukee Bucks,82,35,47,48.4,16.6,11.9,10.0,35.7,14.8,11.9,12.1,37.5,'10-11
21,22,Charlotte Bobcats,82,34,48,48.3,14.8,12.4,11.9,41.1,16.5,12.8,14.3,39.8,'10-11
22,23,Los Angeles Clippers,82,32,50,48.4,16.3,14.0,14.6,45.5,19.1,13.2,14.2,41.0,'10-11
23,24,Detroit Pistons,82,30,52,48.5,16.5,13.9,13.1,40.6,16.3,13.9,15.7,44.0,'10-11
24,25,New Jersey Nets,82,24,58,48.8,13.4,12.7,11.3,39.0,15.9,13.0,13.3,41.5,'10-11
25,25,Sacramento Kings,82,24,58,48.4,17.0,15.5,15.3,45.1,18.9,12.8,17.8,46.0,'10-11
26,27,Washington Wizards,82,23,59,48.6,17.0,14.3,16.5,41.6,18.1,14.0,16.6,44.1,'10-11
27,28,Toronto Raptors,82,22,60,48.2,15.8,13.0,18.0,45.1,17.7,13.9,16.7,47.4,'10-11
28,29,Cleveland Cavaliers,82,19,63,48.2,14.1,13.0,14.1,40.4,15.8,13.2,14.2,42.2,'10-11
29,30,Minnesota Timberwolves,82,17,65,48.2,16.3,16.1,11.9,40.6,20.0,14.2,17.1,41.8,'10-11
0,1,Chicago Bulls,66,50,16,48.3,14.8,15.8,13.6,40.0,15.4,11.9,12.1,38.2,'11-12
1,1,San Antonio Spurs,66,50,16,48.3,16.0,12.5,13.7,45.2,15.2,11.1,14.0,40.5,'11-12
2,3,Oklahoma City Thunder,66,47,19,48.5,16.1,13.2,16.1,41.9,16.7,14.7,12.3,42.4,'11-12
3,4,Miami Heat,66,46,20,48.6,19.7,12.5,13.7,42.5,16.6,13.1,11.9,36.6,'11-12
4,5,Indiana Pacers,66,42,24,48.5,16.4,14.9,13.1,41.2,15.1,13.0,12.5,38.1,'11-12
5,6,Los Angeles Lakers,66,41,25,48.7,12.4,13.8,9.4,42.5,16.6,12.7,15.1,40.4,'11-12
6,6,Memphis Grizzlies,66,41,25,48.3,19.7,14.6,15.7,45.1,16.0,12.5,12.1,40.3,'11-12
7,8,Atlanta Hawks,66,40,26,49.0,17.1,12.5,15.9,39.8,16.0,12.6,12.0,40.5,'11-12
8,8,Los Angeles Clippers,66,40,26,48.4,17.4,14.4,11.0,39.2,15.1,12.9,12.3,38.6,'11-12
9,10,Boston Celtics,66,39,27,48.3,16.3,9.9,12.0,35.0,16.2,13.5,11.5,39.8,'11-12
10,11,Denver Nuggets,66,38,28,48.6,18.9,13.3,19.8,53.4,17.3,12.6,12.2,39.5,'11-12
11,12,Orlando Magic,66,37,29,48.4,15.0,12.8,9.8,37.4,16.2,11.8,10.9,37.4,'11-12
12,13,Dallas Mavericks,66,36,30,48.7,17.0,10.9,11.9,37.3,15.8,12.3,14.4,38.9,'11-12
13,13,New York Knicks,66,36,30,48.3,18.8,13.5,12.3,40.5,17.8,12.6,12.4,38.9,'11-12
14,13,Utah Jazz,66,36,30,49.0,16.7,15.5,16.9,49.8,15.3,12.2,14.4,42.3,'11-12
15,16,Philadelphia 76ers,66,35,31,48.2,16.3,12.3,15.4,38.9,11.6,11.7,10.2,36.4,'11-12
16,17,Houston Rockets,66,34,32,48.7,16.9,13.4,13.6,40.9,16.7,13.3,13.7,44.5,'11-12
17,18,Phoenix Suns,66,33,33,48.0,15.0,12.2,12.7,40.4,15.2,14.2,12.6,43.4,'11-12
18,19,Milwaukee Bucks,66,31,35,48.1,18.2,14.4,14.0,41.6,16.5,13.8,13.4,41.4,'11-12
19,20,Portland Trail Blazers,66,28,38,48.4,16.0,13.7,10.9,38.9,16.0,13.4,14.3,42.2,'11-12
20,21,Minnesota Timberwolves,66,26,40,48.3,14.1,14.7,10.3,40.8,18.4,14.0,15.8,44.1,'11-12
21,22,Detroit Pistons,66,25,41,48.4,15.7,13.5,13.5,41.4,18.4,12.2,14.0,40.1,'11-12
22,23,Golden State Warriors,66,23,43,48.2,16.1,11.0,13.0,38.1,16.2,15.3,14.4,43.1,'11-12
23,23,Toronto Raptors,66,23,43,48.4,15.0,12.2,9.7,37.0,15.4,12.3,12.5,37.6,'11-12
24,25,New Jersey Nets,66,22,44,48.2,16.0,12.9,11.1,33.5,17.7,13.6,14.8,44.2,'11-12
25,25,Sacramento Kings,66,22,44,48.2,17.9,14.9,18.7,48.5,17.8,14.4,17.1,48.2,'11-12
26,27,Cleveland Cavaliers,66,21,45,48.4,14.5,13.2,10.5,41.9,16.9,14.5,11.7,43.6,'11-12
27,27,New Orleans Hornets,66,21,45,48.3,15.3,12.3,9.0,40.2,17.7,13.3,12.9,40.9,'11-12
28,29,Washington Wizards,66,20,46,48.1,17.5,13.3,17.9,43.0,18.2,14.5,14.5,40.7,'11-12
29,30,Charlotte Bobcats,66,7,59,48.2,14.3,11.4,12.7,35.2,17.2,15.4,16.0,48.3,'11-12
0,1,Miami Heat,82,66,16,48.5,18.6,10.4,11.9,41.5,15.7,14.7,11.9,39.9,'12-13
1,2,Oklahoma City Thunder,82,60,22,48.4,18.1,12.5,16.7,42.6,16.7,13.6,12.5,40.7,'12-13
2,3,San Antonio Spurs,82,58,24,48.5,17.4,10.1,13.7,44.6,16.4,12.5,14.2,40.0,'12-13
3,4,Denver Nuggets,82,57,25,48.5,19.9,15.8,20.1,58.0,17.3,14.8,12.2,40.7,'12-13
4,5,Los Angeles Clippers,82,56,26,48.1,19.6,14.2,15.7,44.9,16.0,13.0,12.3,37.2,'12-13
5,5,Memphis Grizzlies,82,56,26,48.3,17.4,14.3,12.6,43.0,14.9,11.9,12.4,38.0,'12-13
6,7,New York Knicks,82,54,28,48.1,17.8,13.2,8.8,33.7,13.5,12.4,12.1,39.7,'12-13
7,8,Brooklyn Nets,82,49,33,48.4,15.8,14.2,9.0,41.4,16.9,12.4,13.9,43.4,'12-13
8,8,Indiana Pacers,81,49,32,48.4,15.2,14.5,11.8,39.9,16.0,12.9,10.1,35.5,'12-13
9,10,Golden State Warriors,82,47,35,48.3,13.9,12.0,14.7,38.3,17.3,13.9,13.8,40.4,'12-13
10,11,Chicago Bulls,82,45,37,48.4,15.0,14.9,10.2,39.8,15.4,12.7,13.1,39.3,'12-13
11,11,Houston Rockets,82,45,37,48.2,18.0,13.0,18.6,46.2,18.4,12.6,14.2,41.9,'12-13
12,11,Los Angeles Lakers,82,45,37,48.2,15.5,13.8,10.2,42.0,16.7,13.8,15.9,44.1,'12-13
13,14,Atlanta Hawks,82,44,38,48.4,17.0,10.7,17.7,41.2,16.7,13.2,12.0,41.0,'12-13
14,15,Utah Jazz,82,43,39,48.5,17.4,14.7,14.2,42.9,16.9,12.5,13.4,42.6,'12-13
15,16,Boston Celtics,81,41,40,49.0,16.7,9.9,13.3,38.0,16.9,14.2,12.1,42.7,'12-13
16,16,Dallas Mavericks,82,41,41,48.7,16.1,10.6,16.2,40.5,17.1,13.6,14.0,41.1,'12-13
17,18,Milwaukee Bucks,82,38,44,48.4,17.9,14.6,13.4,42.8,16.8,14.6,15.1,46.2,'12-13
18,19,Philadelphia 76ers,82,34,48,48.2,16.3,13.1,12.8,38.9,14.5,12.2,12.5,40.2,'12-13
19,19,Toronto Raptors,82,34,48,48.7,16.9,13.4,9.9,38.5,15.5,13.1,11.9,42.5,'12-13
20,21,Portland Trail Blazers,82,33,49,48.4,15.1,14.1,9.9,37.4,17.2,13.4,14.6,47.4,'12-13
21,22,Minnesota Timberwolves,82,31,51,48.1,18.1,14.3,12.4,41.0,16.5,12.7,14.0,42.3,'12-13
22,23,Detroit Pistons,82,29,53,48.3,15.4,13.9,13.9,46.5,17.8,13.5,13.5,42.9,'12-13
23,23,Washington Wizards,82,29,53,48.4,15.6,11.9,14.2,36.6,16.8,12.6,12.0,38.1,'12-13
24,25,Sacramento Kings,82,28,54,48.4,16.3,13.8,16.8,45.7,17.6,14.2,16.7,45.2,'12-13
25,26,New Orleans Hornets,82,27,55,48.2,14.8,15.0,9.7,42.4,17.3,12.8,13.2,43.2,'12-13
26,27,Phoenix Suns,82,25,57,48.3,16.1,13.3,13.5,40.4,18.6,13.5,14.9,45.6,'12-13
27,28,Cleveland Cavaliers,82,24,58,48.1,16.9,14.9,10.2,39.8,16.2,13.6,13.1,42.5,'12-13
28,29,Charlotte Bobcats,82,21,61,48.3,14.4,13.4,15.7,38.6,17.0,14.0,13.8,43.9,'12-13
29,30,Orlando Magic,82,20,62,48.2,14.0,13.2,9.9,43.7,16.8,12.7,12.6,42.8,'12-13
0,1,San Antonio Spurs,82,62,20,48.2,16.5,12.0,13.2,45.9,16.3,12.7,12.8,42.2,'13-14
1,2,Oklahoma City Thunder,82,59,23,48.3,17.7,13.5,16.2,42.1,17.3,12.3,12.8,39.7,'13-14
2,3,Los Angeles Clippers,82,57,25,48.2,19.5,13.4,18.6,42.0,15.6,14.2,11.1,44.6,'13-14
3,4,Indiana Pacers,82,56,26,48.2,15.5,12.4,9.6,38.4,15.4,11.7,11.7,35.7,'13-14
4,5,Houston Rockets,82,54,28,48.4,16.2,13.7,18.5,50.9,18.0,14.6,13.8,44.0,'13-14
5,5,Miami Heat,82,54,28,48.5,19.3,9.7,13.2,45.2,17.4,13.3,12.0,41.1,'13-14
6,5,Portland Trail Blazers,82,54,28,48.4,13.9,16.1,10.9,37.7,15.6,14.0,13.3,45.6,'13-14
7,8,Golden State Warriors,82,51,31,48.4,17.0,12.5,15.1,43.5,17.0,13.0,13.3,40.7,'13-14
8,9,Memphis Grizzlies,82,50,32,48.3,16.2,13.6,10.6,47.6,15.6,11.5,13.4,38.6,'13-14
9,10,Dallas Mavericks,82,49,33,48.4,17.1,12.0,12.2,41.9,16.2,13.5,15.6,43.6,'13-14
10,11,Chicago Bulls,82,48,34,48.6,15.4,14.1,9.8,37.2,15.6,11.7,12.4,37.0,'13-14
11,11,Phoenix Suns,82,48,34,48.2,17.7,12.9,18.7,42.1,16.9,14.3,14.1,45.5,'13-14
12,11,Toronto Raptors,82,48,34,48.7,16.8,14.7,9.6,38.9,16.8,13.1,12.1,42.9,'13-14
13,14,Brooklyn Nets,82,44,38,48.5,18.6,10.2,9.3,38.4,16.6,12.8,13.0,41.1,'13-14
14,14,Washington Wizards,82,44,38,48.9,18.2,12.2,15.7,41.3,16.8,12.9,12.3,41.9,'13-14
15,16,Charlotte Bobcats,82,43,39,48.5,14.3,12.0,10.2,40.4,14.0,12.6,10.2,38.8,'13-14
16,17,Minnesota Timberwolves,82,40,42,48.4,18.8,15.3,16.0,47.3,15.9,12.9,16.3,46.1,'13-14
17,18,Atlanta Hawks,82,38,44,48.4,17.4,11.4,13.9,41.0,17.3,13.1,12.4,42.5,'13-14
18,19,New York Knicks,82,37,45,48.4,16.7,13.1,9.0,33.5,15.0,12.7,11.7,39.5,'13-14
19,20,Denver Nuggets,82,36,46,48.2,16.5,14.4,15.7,46.3,17.6,14.1,13.5,45.3,'13-14
20,21,New Orleans Pelicans,82,34,48,48.4,16.8,14.0,13.3,45.5,16.1,12.9,13.5,43.8,'13-14
21,22,Cleveland Cavaliers,82,33,49,48.6,15.0,13.0,10.7,39.3,16.6,12.6,12.1,38.9,'13-14
22,23,Detroit Pistons,82,29,53,48.2,18.1,16.1,16.9,51.9,16.9,14.0,14.1,44.3,'13-14
23,24,Sacramento Kings,82,28,54,48.4,15.0,15.2,13.1,44.0,17.1,11.9,15.3,41.9,'13-14
24,25,Los Angeles Lakers,82,27,55,48.1,15.9,10.9,15.2,41.0,18.3,15.8,16.7,49.2,'13-14
25,26,Boston Celtics,82,25,57,48.1,15.9,13.9,12.1,37.8,16.5,13.8,13.3,44.8,'13-14
26,26,Utah Jazz,82,25,57,48.2,13.7,13.4,12.3,41.5,17.4,12.3,15.6,45.8,'13-14
27,28,Orlando Magic,82,23,59,48.7,14.8,12.0,11.3,38.1,16.7,13.0,13.2,39.9,'13-14
28,29,Philadelphia 76ers,82,19,63,48.4,18.6,13.9,17.4,49.5,19.2,14.1,16.6,44.2,'13-14
29,30,Milwaukee Bucks,82,15,67,48.5,16.2,12.9,12.7,41.1,17.8,13.2,12.9,42.4,'13-14
0,1,Golden State Warriors,82,67,15,48.1,19.7,12.5,20.9,45.3,15.2,14.2,13.9,41.6,'14-15
1,2,Atlanta Hawks,82,60,22,48.1,18.3,11.0,13.3,41.4,15.7,14.2,11.2,39.4,'14-15
2,3,Houston Rockets,82,56,26,48.3,18.9,13.6,18.7,45.3,18.3,14.0,15.3,44.1,'14-15
3,3,Los Angeles Clippers,82,56,26,48.1,15.7,12.5,14.2,37.4,14.9,12.8,12.3,38.8,'14-15
4,5,Memphis Grizzlies,82,55,27,48.5,16.9,12.9,11.7,47.1,14.1,11.6,13.4,39.0,'14-15
5,5,San Antonio Spurs,82,55,27,48.7,16.1,12.1,11.0,45.0,15.1,11.9,14.1,42.5,'14-15
6,7,Cleveland Cavaliers,82,53,29,48.2,16.0,12.7,11.3,41.0,16.2,12.4,11.8,42.7,'14-15
7,8,Portland Trail Blazers,82,51,31,48.4,14.1,13.4,10.1,37.9,15.1,13.8,13.3,43.1,'14-15
8,9,Chicago Bulls,82,50,32,48.5,13.7,13.8,11.0,41.0,15.3,13.2,13.0,40.8,'14-15
9,9,Dallas Mavericks,82,50,32,48.5,19.3,13.1,16.0,42.7,15.2,14.0,15.9,40.9,'14-15
10,11,Toronto Raptors,82,49,33,48.4,16.3,14.1,11.9,43.0,15.0,14.1,12.4,43.7,'14-15
11,12,Washington Wizards,82,46,36,48.7,15.2,12.0,15.5,41.5,16.3,12.6,11.7,38.3,'14-15
12,13,New Orleans Pelicans,82,45,37,48.2,13.9,13.6,10.7,45.0,14.8,12.9,13.7,46.5,'14-15
13,13,Oklahoma City Thunder,82,45,37,48.4,15.4,15.2,17.0,44.9,16.5,12.8,12.5,42.8,'14-15
14,15,Milwaukee Bucks,82,41,41,48.6,19.2,12.0,15.1,42.8,16.8,13.3,10.7,39.8,'14-15
15,16,Boston Celtics,82,40,42,48.5,17.3,14.0,13.9,41.8,16.2,13.5,10.9,44.6,'14-15
16,17,Phoenix Suns,82,39,43,48.5,17.7,12.6,18.2,42.8,17.2,14.4,15.2,45.3,'14-15
17,18,Brooklyn Nets,82,38,44,48.6,14.3,12.3,9.4,45.1,15.6,14.0,13.8,43.6,'14-15
18,18,Indiana Pacers,82,38,44,48.4,14.2,13.4,9.5,37.1,15.5,11.8,13.0,38.3,'14-15
19,18,Utah Jazz,82,38,44,48.1,15.2,15.1,12.2,41.6,17.4,12.5,12.6,39.5,'14-15
20,21,Miami Heat,82,37,45,48.1,16.0,12.1,9.8,39.6,16.9,13.3,11.4,41.0,'14-15
21,22,Charlotte Hornets,82,33,49,48.5,13.4,12.4,9.2,36.5,12.8,12.6,11.0,38.5,'14-15
22,23,Detroit Pistons,82,32,50,48.4,15.9,14.9,13.4,44.8,15.8,13.5,11.3,43.0,'14-15
23,24,Denver Nuggets,82,30,52,48.5,16.9,14.4,15.0,44.9,16.4,14.1,13.2,42.9,'14-15
24,25,Sacramento Kings,82,29,53,48.4,15.3,14.1,14.9,45.1,18.6,13.6,16.8,43.9,'14-15
25,26,Orlando Magic,82,25,57,48.2,16.4,12.2,11.3,45.1,16.9,11.7,12.3,41.0,'14-15
26,27,Los Angeles Lakers,82,21,61,48.6,14.5,14.2,12.2,40.0,15.9,12.5,15.1,45.1,'14-15
27,28,Philadelphia 76ers,82,18,64,48.3,17.2,13.8,14.8,40.8,20.6,14.0,14.6,41.7,'14-15
28,29,New York Knicks,82,17,65,48.4,14.6,12.4,8.4,33.4,17.1,12.5,12.3,41.1,'14-15
29,30,Minnesota Timberwolves,82,16,66,48.3,17.4,14.1,12.9,41.3,17.4,14.9,14.3,48.0,'14-15
0,1,Golden State Warriors,82,73,9,48.5,17.1,12.2,20.9,44.6,16.6,13.8,14.5,45.1,'15-16
1,2,San Antonio Spurs,82,67,15,48.1,16.1,11.8,10.4,43.6,13.5,10.6,12.1,40.1,'15-16
2,3,Cleveland Cavaliers,82,57,25,48.4,16.3,13.2,11.8,41.0,15.5,11.2,11.2,40.8,'15-16
3,4,Toronto Raptors,82,56,26,48.2,16.7,12.3,11.0,42.1,14.2,11.6,11.0,40.1,'15-16
4,5,Oklahoma City Thunder,82,55,27,48.4,15.1,15.8,17.3,47.7,17.6,13.9,13.2,45.2,'15-16
5,6,LA Clippers,82,53,29,48.4,16.9,10.6,12.9,37.7,14.5,13.8,12.4,41.3,'15-16
6,7,Atlanta Hawks,82,48,34,48.4,18.5,10.7,14.8,43.4,16.0,13.1,11.9,40.9,'15-16
7,7,Boston Celtics,82,48,34,48.2,18.8,14.3,16.3,45.9,14.8,14.2,10.8,43.0,'15-16
8,7,Charlotte Hornets,82,48,34,48.4,15.9,11.4,11.1,37.6,14.1,11.4,12.4,40.0,'15-16
9,7,Miami Heat,82,48,34,48.4,14.8,12.7,11.1,46.4,15.6,13.0,10.7,42.0,'15-16
10,11,Indiana Pacers,82,45,37,48.5,18.9,12.9,13.4,40.9,16.3,13.0,12.2,41.6,'15-16
11,12,Detroit Pistons,82,44,38,48.5,15.4,14.9,11.1,43.5,14.6,10.7,10.4,44.4,'15-16
12,12,Portland Trail Blazers,82,44,38,48.3,14.8,14.1,10.7,39.1,16.3,12.4,11.1,40.9,'15-16
13,14,Chicago Bulls,82,42,40,48.5,13.3,13.6,10.2,41.0,16.0,14.3,13.8,44.4,'15-16
14,14,Dallas Mavericks,82,42,40,48.8,16.0,10.6,11.2,38.0,14.8,13.4,16.0,40.9,'15-16
15,14,Memphis Grizzlies,82,42,40,48.4,17.9,12.9,12.6,44.0,15.1,11.8,14.6,38.5,'15-16
16,17,Houston Rockets,82,41,41,48.4,18.9,13.9,18.1,45.7,19.5,14.7,14.4,44.6,'15-16
17,17,Washington Wizards,82,41,41,48.2,17.5,10.6,18.6,42.4,15.7,11.7,12.7,41.2,'15-16
18,19,Utah Jazz,82,40,42,48.7,15.6,13.5,9.3,41.8,16.0,11.5,11.7,39.6,'15-16
19,20,Orlando Magic,82,35,47,48.5,17.8,12.6,12.3,43.6,16.0,11.4,13.2,43.5,'15-16
20,21,Denver Nuggets,82,33,49,48.4,15.7,13.3,14.2,45.9,16.8,12.1,13.0,43.1,'15-16
21,21,Milwaukee Bucks,82,33,49,48.4,18.5,12.1,13.8,50.6,17.7,14.1,13.0,44.0,'15-16
22,21,Sacramento Kings,82,33,49,48.3,17.5,13.0,17.3,49.5,18.6,13.6,15.0,43.6,'15-16
23,24,New York Knicks,82,32,50,48.3,11.8,13.1,8.4,35.8,15.4,12.7,12.8,43.1,'15-16
24,25,New Orleans Pelicans,82,30,52,48.2,15.0,11.5,12.4,41.4,14.9,11.3,11.7,43.2,'15-16
25,26,Minnesota Timberwolves,82,29,53,48.5,16.4,13.0,13.6,44.1,17.8,13.2,13.4,46.1,'15-16
26,27,Phoenix Suns,82,23,59,48.1,16.5,14.0,14.4,41.4,20.2,12.6,17.3,43.8,'15-16
27,28,Brooklyn Nets,82,21,61,48.2,15.0,12.6,11.5,46.2,18.3,12.1,14.5,47.9,'15-16
28,29,Los Angeles Lakers,82,17,65,48.1,13.6,13.0,12.2,38.1,16.5,14.3,17.0,47.8,'15-16
29,30,Philadelphia 76ers,82,10,72,48.3,16.5,11.7,12.2,43.2,20.0,14.7,16.7,45.6,'15-16
0,1,Golden State Warriors,82,67,15,48.2,19.3,12.6,22.6,46.6,16.7,14.0,14.4,45.4,'16-17
1,2,San Antonio Spurs,82,61,21,48.3,17.3,13.0,12.1,39.6,14.7,12.4,12.6,40.8,'16-17
2,3,Houston Rockets,82,55,27,48.2,18.7,14.3,16.7,46.7,17.5,13.8,14.3,49.0,'16-17
3,4,Boston Celtics,82,53,29,48.2,16.4,11.2,12.4,41.8,15.2,13.9,12.2,43.2,'16-17
4,5,Cleveland Cavaliers,82,51,31,48.5,14.6,11.5,12.9,39.5,16.6,13.7,13.3,44.5,'16-17
5,5,LA Clippers,82,51,31,48.2,15.3,11.3,13.9,39.9,15.2,12.7,14.3,42.7,'16-17
6,5,Toronto Raptors,82,51,31,48.2,17.4,13.5,12.2,43.8,14.9,13.1,11.5,41.7,'16-17
7,5,Utah Jazz,82,51,31,48.2,14.7,11.0,8.1,42.8,15.2,10.7,10.5,41.0,'16-17
8,9,Washington Wizards,82,49,33,48.4,17.7,13.0,15.9,45.0,16.4,13.8,12.1,43.9,'16-17
9,10,Oklahoma City Thunder,82,47,35,48.3,15.6,14.8,16.9,49.9,16.9,12.2,11.1,47.5,'16-17
10,11,Atlanta Hawks,82,43,39,48.5,16.3,13.5,12.1,42.7,17.4,13.2,12.8,39.1,'16-17
11,11,Memphis Grizzlies,82,43,39,48.5,16.1,13.0,10.2,40.5,14.8,11.5,14.6,37.8,'16-17
12,13,Indiana Pacers,82,42,40,48.4,16.6,11.4,10.6,41.9,16.2,12.9,10.6,39.7,'16-17
13,13,Milwaukee Bucks,82,42,40,48.2,17.3,11.1,13.8,48.6,16.2,12.7,11.7,43.7,'16-17
14,15,Chicago Bulls,82,41,41,48.2,15.6,15.1,13.8,43.3,15.5,11.9,13.7,45.2,'16-17
15,15,Miami Heat,82,41,41,48.2,15.9,13.6,11.1,45.1,13.9,12.8,10.3,44.5,'16-17
16,15,Portland Trail Blazers,82,41,41,48.6,14.6,12.6,11.3,42.4,15.7,12.6,12.7,42.9,'16-17
17,18,Denver Nuggets,82,40,42,48.2,14.0,15.1,14.2,49.8,18.0,12.2,14.3,47.4,'16-17
18,19,Detroit Pistons,82,37,45,48.3,14.9,13.7,12.0,43.1,12.7,10.1,10.7,41.2,'16-17
19,20,Charlotte Hornets,82,36,46,48.4,14.9,11.8,9.4,39.9,13.1,11.4,12.9,40.5,'16-17
20,21,New Orleans Pelicans,82,34,48,48.5,14.6,10.8,15.0,44.1,15.6,12.4,13.6,44.1,'16-17
21,22,Dallas Mavericks,82,33,49,48.2,15.7,9.8,7.8,32.8,14.0,11.6,13.6,39.5,'16-17
22,23,Sacramento Kings,82,32,50,48.5,16.3,11.0,10.7,43.0,17.4,12.5,14.7,40.7,'16-17
23,24,Minnesota Timberwolves,82,31,51,48.3,16.7,14.8,12.8,45.7,17.2,13.4,13.9,46.2,'16-17
24,24,New York Knicks,82,31,51,48.4,14.4,14.9,10.9,40.4,16.5,14.7,14.0,46.1,'16-17
25,26,Orlando Magic,82,29,53,48.3,15.0,12.5,14.0,42.2,15.9,13.3,13.0,46.6,'16-17
26,27,Philadelphia 76ers,82,28,54,48.4,17.3,13.3,12.9,44.3,18.5,13.4,15.3,45.1,'16-17
27,28,Los Angeles Lakers,82,26,56,48.1,17.4,13.5,15.2,47.7,18.0,13.3,16.2,47.4,'16-17
28,29,Phoenix Suns,82,24,58,48.4,17.7,14.9,19.4,47.5,18.1,13.5,16.0,44.0,'16-17
29,30,Brooklyn Nets,82,20,62,48.2,15.0,11.5,14.0,45.9,19.1,14.3,14.0,45.0,'16-17
0,1,Houston Rockets,82,65,17,48.2,17.4,11.5,11.4,40.7,15.8,11.9,11.9,48.0,'17-18
1,2,Toronto Raptors,82,59,23,48.4,17.2,13.0,13.3,48.6,15.0,13.2,11.6,45.3,'17-18
2,3,Golden State Warriors,82,58,24,48.1,17.3,10.3,19.3,44.1,18.5,13.7,14.1,47.4,'17-18
3,4,Boston Celtics,82,55,27,48.3,15.4,12.1,9.5,39.8,15.6,11.2,10.4,43.8,'17-18
4,5,Philadelphia 76ers,82,52,30,48.2,16.9,13.7,11.5,47.2,18.5,12.3,10.3,41.6,'17-18
5,6,Cleveland Cavaliers,82,50,32,48.1,16.1,11.2,12.5,44.2,16.5,12.7,11.3,47.0,'17-18
6,7,Portland Trail Blazers,82,49,33,48.2,14.0,13.5,8.1,43.0,14.9,11.7,11.3,42.1,'17-18
7,8,Indiana Pacers,82,48,34,48.2,18.3,11.9,14.8,44.7,14.8,12.8,12.3,44.8,'17-18
8,8,New Orleans Pelicans,82,48,34,48.7,16.3,11.9,15.3,52.4,17.3,13.8,14.2,47.7,'17-18
9,8,Oklahoma City Thunder,82,48,34,48.4,18.7,15.0,15.2,43.9,14.4,12.8,11.2,43.5,'17-18
10,8,Utah Jazz,82,48,34,48.2,16.8,11.4,10.2,44.4,16.4,10.8,9.5,41.8,'17-18
11,12,Minnesota Timberwolves,82,47,35,48.3,17.8,13.6,9.7,49.2,15.2,13.0,12.9,45.7,'17-18
12,12,San Antonio Spurs,82,47,35,48.1,16.3,13.4,10.3,43.8,15.0,12.2,12.5,44.1,'17-18
13,14,Denver Nuggets,82,46,36,48.5,16.9,14.0,13.4,49.0,18.7,11.2,13.0,47.3,'17-18
14,15,Miami Heat,82,44,38,48.6,16.5,11.3,9.3,44.9,15.6,11.8,11.0,43.5,'17-18
15,15,Milwaukee Bucks,82,44,38,48.4,18.3,10.5,14.6,47.4,15.8,13.0,10.1,47.3,'17-18
16,17,Washington Wizards,82,43,39,48.4,17.2,12.7,11.6,42.3,17.1,13.1,11.0,45.4,'17-18
17,18,LA Clippers,82,42,40,48.1,15.8,13.9,13.3,52.2,17.4,13.2,15.4,44.8,'17-18
18,19,Detroit Pistons,82,39,43,48.3,16.6,12.6,10.8,43.6,14.9,11.2,9.9,43.6,'17-18
19,20,Charlotte Hornets,82,36,46,48.2,16.1,13.1,9.3,43.7,14.8,10.7,10.7,45.2,'17-18
20,21,Los Angeles Lakers,82,35,47,48.5,16.3,14.2,17.5,51.9,18.2,13.5,12.7,49.0,'17-18
21,22,New York Knicks,82,29,53,48.4,15.1,13.4,8.6,46.7,17.4,13.2,11.4,43.4,'17-18
22,23,Brooklyn Nets,82,28,54,48.4,14.2,12.5,10.7,43.8,17.3,13.6,11.6,47.8,'17-18
23,24,Chicago Bulls,82,27,55,48.4,15.0,11.2,11.8,41.8,16.3,11.2,11.3,44.5,'17-18
24,24,Sacramento Kings,82,27,55,48.2,15.2,11.4,10.4,43.5,15.7,11.6,12.3,42.2,'17-18
25,26,Orlando Magic,82,25,57,48.1,15.6,10.9,12.6,45.6,17.0,12.8,12.9,48.3,'17-18
26,27,Atlanta Hawks,82,24,58,48.1,17.8,12.0,10.4,41.3,17.9,12.9,13.0,44.4,'17-18
27,27,Dallas Mavericks,82,24,58,48.3,14.7,10.4,10.0,38.8,13.9,11.4,14.3,42.2,'17-18
28,29,Memphis Grizzlies,82,22,60,48.1,17.1,11.7,13.2,42.3,17.3,11.8,14.3,42.1,'17-18
29,30,Phoenix Suns,82,21,61,48.1,15.0,12.9,14.4,46.1,18.6,13.2,14.6,47.1,'17-18
0,1,Milwaukee Bucks,82,60,22,48.2,16.7,11.7,17.7,53.3,14.6,12.1,11.0,42.2,'18-19
1,2,Toronto Raptors,82,58,24,48.5,17.2,12.7,18.4,48.5,15.9,12.9,13.5,47.5,'18-19
2,3,Golden State Warriors,82,57,25,48.3,16.3,12.5,19.1,43.2,17.4,13.8,15.1,47.1,'18-19
3,4,Denver Nuggets,82,54,28,48.1,15.7,15.5,12.6,52.1,15.0,12.1,12.2,48.9,'18-19
4,5,Houston Rockets,82,53,29,48.4,18.0,13.1,12.0,42.1,16.3,13.7,13.8,51.8,'18-19
5,5,Portland Trail Blazers,82,53,29,48.4,15.0,15.0,11.0,49.3,15.3,13.7,14.1,47.8,'18-19
6,7,Philadelphia 76ers,82,51,31,48.3,15.3,14.1,15.0,49.4,17.3,12.3,14.7,51.2,'18-19
7,8,Utah Jazz,82,50,32,48.2,16.5,13.3,10.6,49.8,16.9,11.2,11.4,47.7,'18-19
8,9,Boston Celtics,82,49,33,48.2,18.1,12.5,16.2,44.8,14.8,13.5,13.2,45.9,'18-19
9,9,Oklahoma City Thunder,82,49,33,48.4,19.2,15.5,18.2,51.8,16.0,12.5,12.3,48.4,'18-19
10,11,Indiana Pacers,82,48,34,48.1,19.1,13.3,14.6,48.9,14.9,13.3,14.0,44.8,'18-19
11,11,LA Clippers,82,48,34,48.4,15.5,13.1,14.3,51.2,17.7,13.8,14.8,51.1,'18-19
12,11,San Antonio Spurs,82,48,34,48.3,14.1,11.5,10.4,43.2,15.0,12.6,14.1,46.6,'18-19
13,14,Brooklyn Nets,82,42,40,48.7,15.4,13.8,11.6,48.8,17.3,14.4,11.8,51.2,'18-19
14,14,Orlando Magic,82,42,40,48.2,15.2,12.4,10.8,44.0,14.7,10.9,12.7,47.2,'18-19
15,16,Detroit Pistons,82,41,41,48.4,15.8,13.3,10.0,44.8,16.0,11.3,11.9,49.9,'18-19
16,17,Charlotte Hornets,82,39,43,48.4,16.1,13.0,11.7,46.8,13.7,13.4,13.3,49.0,'18-19
17,17,Miami Heat,82,39,43,48.1,15.5,14.1,9.9,48.9,17.1,13.7,12.5,42.3,'18-19
18,17,Sacramento Kings,82,39,43,48.1,19.3,13.7,20.9,51.9,16.4,14.4,14.2,51.2,'18-19
19,20,Los Angeles Lakers,82,37,45,48.2,16.8,12.9,19.3,55.6,18.5,14.0,15.9,50.3,'18-19
20,21,Minnesota Timberwolves,82,36,46,48.4,17.5,15.0,11.7,49.5,15.1,14.8,13.6,48.9,'18-19
21,22,Dallas Mavericks,82,33,49,48.2,14.5,12.9,12.3,44.5,15.6,13.0,16.7,47.7,'18-19
22,22,Memphis Grizzlies,82,33,49,48.5,17.2,11.2,12.3,46.3,16.6,11.6,16.3,42.7,'18-19
23,22,New Orleans Pelicans,82,33,49,48.2,16.1,14.4,14.8,58.2,18.0,13.7,15.7,51.6,'18-19
24,25,Washington Wizards,82,32,50,48.6,17.7,12.4,14.1,50.0,17.0,14.1,14.0,52.1,'18-19
25,26,Atlanta Hawks,82,29,53,48.4,17.0,14.1,15.2,51.1,21.1,14.6,16.5,49.3,'18-19
26,27,Chicago Bulls,82,22,60,48.5,15.2,11.0,12.1,50.8,16.6,13.4,13.0,49.1,'18-19
27,28,Cleveland Cavaliers,82,19,63,48.2,14.4,13.5,10.6,44.5,16.8,12.7,14.0,50.0,'18-19
28,28,Phoenix Suns,82,19,63,48.5,18.2,12.1,15.2,49.8,19.5,15.5,15.8,53.0,'18-19
29,30,New York Knicks,82,17,65,48.2,14.7,13.3,11.1,44.0,16.4,14.1,11.7,50.6,'18-19
0,1,Milwaukee Bucks,73,56,17,48.2,16.6,12.3,18.0,49.3,16.9,11.3,13.6,38.7,'19-20
1,2,Toronto Raptors,72,53,19,48.3,19.5,11.9,18.8,46.8,16.9,13.5,12.7,41.5,'19-20
2,3,Los Angeles Lakers,71,52,19,48.1,19.0,14.1,18.4,52.8,17.4,12.0,16.5,45.8,'19-20
3,4,LA Clippers,72,49,23,48.3,17.9,14.2,13.7,47.7,16.5,12.4,13.3,44.6,'19-20
4,5,Boston Celtics,72,48,24,48.4,17.6,13.3,15.2,47.8,15.1,13.2,13.2,43.4,'19-20
5,6,Denver Nuggets,73,46,27,48.6,16.6,14.2,11.8,49.8,16.2,12.2,12.4,48.2,'19-20
6,7,Indiana Pacers,73,45,28,48.3,17.3,11.8,12.8,49.3,15.0,13.2,13.6,47.6,'19-20
7,8,Houston Rockets,72,44,28,48.3,18.9,12.1,14.6,45.9,17.8,14.1,15.1,51.5,'19-20
8,8,Miami Heat,73,44,29,48.6,16.2,11.8,11.3,43.9,17.9,12.8,11.4,44.1,'19-20
9,8,Oklahoma City Thunder,72,44,28,48.4,16.9,10.7,9.5,45.7,16.0,12.6,10.9,48.4,'19-20
10,8,Utah Jazz,72,44,28,48.2,14.3,12.4,10.5,47.1,17.1,12.1,12.5,47.4,'19-20
11,12,Dallas Mavericks,75,43,32,48.5,14.6,14.5,11.7,44.8,14.3,13.4,16.4,48.8,'19-20
12,12,Philadelphia 76ers,73,43,30,48.2,15.9,13.1,13.5,47.5,16.4,11.6,13.7,48.1,'19-20
13,14,Brooklyn Nets,72,35,37,48.6,14.8,13.6,13.1,49.6,17.0,13.2,13.1,46.4,'19-20
14,14,Portland Trail Blazers,74,35,39,48.2,14.3,12.7,13.2,44.6,14.5,15.5,14.8,47.0,'19-20
15,16,Memphis Grizzlies,73,34,39,48.1,17.1,13.7,17.2,55.9,17.9,13.6,13.9,45.3,'19-20
16,16,Phoenix Suns,73,34,39,48.2,18.5,12.2,14.7,47.8,16.6,12.5,12.7,49.8,'19-20
17,18,Orlando Magic,73,33,40,48.1,17.0,12.7,11.9,45.4,14.3,11.2,11.9,46.3,'19-20
18,19,San Antonio Spurs,71,32,39,48.5,15.7,11.0,13.3,43.6,15.1,13.6,13.0,48.2,'19-20
19,20,Sacramento Kings,72,31,41,48.5,17.4,12.7,12.7,47.0,16.5,11.9,12.1,46.6,'19-20
20,21,New Orleans Pelicans,72,30,42,48.4,16.7,14.5,16.6,49.8,19.6,13.6,15.4,52.2,'19-20
21,22,Washington Wizards,72,25,47,48.2,18.6,13.1,13.4,45.6,16.7,14.4,12.7,51.4,'19-20
22,23,Charlotte Hornets,65,23,42,48.5,16.2,13.4,11.6,46.5,16.8,13.2,11.8,50.5,'19-20
23,24,Chicago Bulls,65,22,43,48.2,21.2,13.3,14.8,49.5,17.8,12.7,12.5,49.6,'19-20
24,25,New York Knicks,66,21,45,48.4,15.7,15.3,9.4,48.6,17.5,12.6,12.8,43.8,'19-20
25,26,Atlanta Hawks,67,20,47,48.6,16.7,13.3,12.9,50.4,19.5,15.0,14.8,53.6,'19-20
26,26,Detroit Pistons,66,20,46,48.4,15.9,13.3,11.0,48.2,17.3,13.2,12.7,52.0,'19-20
27,28,Cleveland Cavaliers,65,19,46,48.4,14.4,13.5,10.5,49.3,20.0,12.7,14.4,53.6,'19-20
28,28,Minnesota Timberwolves,64,19,45,48.6,16.6,13.5,11.3,49.2,17.8,13.5,13.0,51.2,'19-20
29,30,Golden State Warriors,65,15,50,48.4,17.1,11.9,13.8,43.8,18.0,13.5,15.0,48.8,'19-20
0,1,Utah Jazz,72,52,20,48.2,14.1,13.6,11.9,44.2,17.0,12.4,12.1,49.1,'20-21
1,2,Phoenix Suns,72,51,21,48.6,16.1,12.9,13.1,45.3,14.8,12.4,12.0,47.4,'20-21
2,3,Philadelphia 76ers,72,49,23,48.4,18.1,13.9,15.2,47.3,17.2,11.6,14.3,46.0,'20-21
3,4,Brooklyn Nets,72,48,24,48.3,15.8,12.3,14.3,49.2,16.1,15.3,12.1,47.8,'20-21
4,5,Denver Nuggets,72,47,25,48.6,18.0,13.8,12.4,49.7,15.6,11.3,13.4,45.2,'20-21
5,5,LA Clippers,72,47,25,48.0,16.0,13.0,10.3,42.2,15.4,11.8,11.9,47.2,'20-21
6,7,Milwaukee Bucks,72,46,26,48.1,16.3,13.2,14.5,48.8,15.9,13.0,10.7,43.1,'20-21
7,8,Dallas Mavericks,72,42,30,48.1,14.5,12.3,11.4,44.2,14.6,13.1,12.4,45.2,'20-21
8,8,Los Angeles Lakers,72,42,30,48.5,17.4,13.3,13.3,49.9,16.6,11.3,12.2,48.2,'20-21
9,8,Portland Trail Blazers,72,42,30,48.1,14.9,14.6,11.6,39.3,14.1,13.8,13.7,47.3,'20-21
10,11,Atlanta Hawks,72,41,31,48.3,14.7,14.3,10.0,47.8,15.9,13.2,11.8,48.7,'20-21
11,11,New York Knicks,72,41,31,48.4,15.1,12.4,8.9,44.0,15.0,12.2,10.5,43.8,'20-21
12,13,Miami Heat,72,40,32,48.3,17.7,10.1,11.9,44.4,16.7,12.3,10.4,41.3,'20-21
13,14,Golden State Warriors,72,39,33,48.1,17.4,10.5,14.4,45.4,17.5,14.2,13.3,47.3,'20-21
14,15,Memphis Grizzlies,72,38,34,48.3,18.5,15.0,17.3,55.8,16.6,12.4,13.7,47.5,'20-21
15,16,Boston Celtics,72,36,36,48.3,17.8,13.3,11.8,46.3,15.8,13.2,11.8,44.3,'20-21
16,17,Indiana Pacers,72,34,38,48.5,18.0,12.8,16.6,54.0,16.0,15.3,13.7,53.8,'20-21
17,17,Washington Wizards,72,34,38,48.3,18.0,13.0,11.2,52.8,17.6,13.7,10.7,48.2,'20-21
18,19,Charlotte Hornets,72,33,39,48.2,17.7,12.7,13.6,45.9,16.9,13.2,13.2,47.2,'20-21
19,19,San Antonio Spurs,72,33,39,48.6,15.7,12.1,11.7,47.8,14.3,13.3,11.9,50.1,'20-21
20,21,Chicago Bulls,72,31,41,48.3,14.5,13.2,11.5,49.4,17.8,11.6,11.7,48.9,'20-21
21,21,New Orleans Pelicans,72,31,41,48.4,15.3,14.9,14.1,54.4,18.3,11.9,13.0,46.7,'20-21
22,21,Sacramento Kings,72,31,41,48.1,16.4,12.2,14.1,53.3,17.0,14.0,12.6,53.4,'20-21
23,24,Toronto Raptors,72,27,45,48.1,18.6,12.5,13.7,43.6,15.6,13.9,11.6,42.9,'20-21
24,25,Minnesota Timberwolves,72,23,49,48.3,18.6,13.7,12.1,49.3,16.8,14.5,14.0,49.8,'20-21
25,26,Cleveland Cavaliers,72,22,50,48.4,16.3,12.9,11.3,51.0,17.9,12.1,12.9,50.6,'20-21
26,26,Oklahoma City Thunder,72,22,50,48.2,14.2,11.7,9.2,47.7,20.0,13.4,11.6,49.5,'20-21
27,28,Orlando Magic,72,21,51,48.1,13.4,13.2,10.3,41.6,15.8,11.7,14.2,47.2,'20-21
28,29,Detroit Pistons,72,20,52,48.4,16.5,12.7,10.7,47.4,17.3,13.4,11.6,51.3,'20-21
29,30,Houston Rockets,72,17,55,48.1,18.0,12.2,11.1,46.7,17.5,13.1,14.7,50.0,'20-21
0,1,Phoenix Suns,82,64,18,48.1,18.1,12.1,12.5,49.8,14.8,13.6,11.3,45.2,'21-22
1,2,Memphis Grizzlies,82,56,26,48.2,18.3,18.7,17.7,57.6,14.5,13.0,13.2,47.4,'21-22
2,3,Golden State Warriors,82,53,29,48.1,17.6,12.6,13.8,44.7,16.9,12.7,12.3,43.9,'21-22
3,3,Miami Heat,82,53,29,48.4,17.2,12.7,10.9,43.0,16.7,12.6,12.2,41.3,'21-22
4,5,Dallas Mavericks,82,52,30,48.2,14.9,11.0,10.0,42.9,14.4,13.1,12.0,47.1,'21-22
5,6,Boston Celtics,82,51,31,48.5,16.3,13.0,11.1,46.5,15.2,12.5,11.5,42.5,'21-22
6,6,Milwaukee Bucks,82,51,31,48.2,15.1,13.5,13.1,45.0,15.6,12.9,11.5,43.7,'21-22
7,6,Philadelphia 76ers,82,51,31,48.3,15.7,11.3,12.2,45.0,14.9,13.0,15.0,46.7,'21-22
8,9,Utah Jazz,82,49,33,48.1,14.7,14.9,10.1,47.9,16.5,12.9,11.9,45.3,'21-22
9,10,Denver Nuggets,82,48,34,48.3,15.6,12.5,13.5,49.3,17.3,11.4,12.5,49.9,'21-22
10,10,Toronto Raptors,82,48,34,48.4,19.0,16.5,15.8,47.1,14.3,13.9,11.7,45.1,'21-22
11,12,Chicago Bulls,82,46,36,48.1,16.4,11.1,12.7,45.8,15.3,12.7,12.0,49.6,'21-22
12,12,Minnesota Timberwolves,82,46,36,48.2,19.8,14.8,15.2,47.7,16.2,14.1,14.1,46.1,'21-22
13,14,Brooklyn Nets,82,44,38,48.2,15.7,13.7,13.7,46.0,17.2,13.7,14.0,47.3,'21-22
14,14,Cleveland Cavaliers,82,44,38,48.1,15.8,12.6,11.2,48.4,17.4,12.5,12.2,46.6,'21-22
15,16,Atlanta Hawks,82,43,39,48.1,15.6,12.2,9.7,45.7,15.1,12.7,12.2,48.0,'21-22
16,16,Charlotte Hornets,82,43,39,48.5,18.6,13.5,16.3,51.4,16.3,15.0,13.9,48.1,'21-22
17,18,LA Clippers,82,42,40,48.2,15.4,10.9,11.9,43.4,16.5,15.0,13.0,50.1,'21-22
18,19,New York Knicks,82,37,45,48.2,15.6,14.5,10.6,41.5,15.4,12.3,11.3,43.2,'21-22
19,20,New Orleans Pelicans,82,36,46,48.2,16.6,15.1,14.3,48.4,16.1,12.6,11.2,45.3,'21-22
20,21,Washington Wizards,82,35,47,48.4,14.0,11.9,9.8,49.1,15.4,12.6,9.4,48.2,'21-22
21,22,San Antonio Spurs,82,34,48,48.3,16.5,14.3,13.6,53.3,15.3,14.9,11.8,50.2,'21-22
22,23,Los Angeles Lakers,82,33,49,48.7,16.1,12.1,14.8,49.2,17.1,13.4,15.0,51.5,'21-22
23,24,Sacramento Kings,82,30,52,48.3,16.3,13.1,11.7,49.0,17.9,14.8,13.4,51.4,'21-22
24,25,Portland Trail Blazers,82,27,55,48.1,16.6,13.6,12.4,43.8,17.5,13.0,14.3,47.5,'21-22
25,26,Indiana Pacers,82,25,57,48.5,14.5,14.7,13.3,49.7,17.1,13.6,13.4,51.5,'21-22
26,27,Oklahoma City Thunder,82,24,58,48.3,14.9,11.9,10.6,46.9,16.5,13.9,10.7,47.7,'21-22
27,28,Detroit Pistons,82,23,59,48.2,17.0,13.6,10.5,45.6,16.9,12.5,11.0,49.7,'21-22
28,29,Orlando Magic,82,22,60,48.2,14.2,12.4,10.8,45.4,16.8,13.4,12.2,44.5,'21-22
29,30,Houston Rockets,82,20,62,48.2,16.1,14.2,12.2,48.9,21.2,14.7,15.8,53.2,'21-22
0,1,Boston Celtics,39,27,12,48.5,17.4,12.1,14.7,45.9,15.4,13.6,12.7,48.2,'22-23
1,2,Brooklyn Nets,39,26,13,48.1,16.7,10.9,16.4,46.2,18.4,14.4,14.3,48.2,'22-23
2,2,Denver Nuggets,39,26,13,48.3,15.8,13.1,16.3,54.8,18.1,12.2,14.2,51.8,'22-23
3,4,Cleveland Cavaliers,40,25,15,48.9,17.9,13.0,12.0,50.9,15.7,11.5,13.8,45.6,'22-23
4,4,Memphis Grizzlies,38,25,13,48.3,17.3,16.1,17.9,59.0,16.1,14.2,12.7,46.1,'22-23
5,4,Milwaukee Bucks,39,25,14,48.5,13.8,15.0,13.1,45.6,17.1,13.2,13.4,49.1,'22-23
6,7,New Orleans Pelicans,39,24,15,48.8,19.3,15.4,14.7,54.7,18.9,13.6,14.1,49.5,'22-23
7,8,Philadelphia 76ers,38,23,15,48.7,19.2,10.5,13.8,45.8,16.7,13.5,16.4,47.6,'22-23
8,9,Dallas Mavericks,39,22,17,48.6,17.7,11.4,10.1,42.2,14.8,13.7,12.6,48.9,'22-23
9,9,Indiana Pacers,40,22,18,48.1,18.1,13.1,18.9,47.9,17.3,15.3,14.7,49.8,'22-23
10,9,New York Knicks,40,22,18,48.6,16.4,17.6,12.5,52.5,16.1,14.0,13.2,45.6,'22-23
11,12,LA Clippers,41,21,20,48.2,16.0,10.9,12.5,42.7,18.7,13.6,14.7,50.0,'22-23
12,12,Miami Heat,40,21,19,48.4,19.1,12.6,11.2,46.1,15.7,12.7,11.7,45.0,'22-23
13,14,Golden State Warriors,39,20,19,48.4,17.2,12.3,14.4,44.2,21.1,13.5,13.7,49.1,'22-23
14,14,Phoenix Suns,40,20,20,48.4,18.2,15.0,10.3,45.5,16.0,13.6,12.0,48.7,'22-23
15,14,Sacramento Kings,37,20,17,48.1,16.8,12.9,15.6,51.8,18.5,12.3,11.9,54.8,'22-23
16,14,Utah Jazz,41,20,21,48.4,18.0,16.1,11.3,49.4,18.3,14.8,16.1,55.9,'22-23
17,18,Minnesota Timberwolves,40,19,21,48.1,18.2,11.9,14.4,54.8,19.5,14.8,14.7,48.0,'22-23
18,18,Portland Trail Blazers,38,19,19,48.3,17.3,14.1,14.4,47.3,18.2,13.7,15.0,51.8,'22-23
19,20,Atlanta Hawks,39,18,21,48.6,18.1,12.9,13.4,52.4,15.6,14.5,14.5,53.7,'22-23
20,20,Chicago Bulls,39,18,21,48.6,18.1,10.5,14.1,47.6,16.1,12.7,12.1,47.9,'22-23
21,20,Los Angeles Lakers,39,18,21,48.4,13.7,12.4,16.9,56.4,18.0,14.6,15.7,52.4,'22-23
22,23,Oklahoma City Thunder,39,17,22,48.8,20.2,14.0,13.6,55.4,15.8,15.7,11.4,53.0,'22-23
23,23,Washington Wizards,40,17,23,48.3,15.5,12.6,12.8,52.2,16.2,14.4,13.1,49.5,'22-23
24,25,Toronto Raptors,39,16,23,48.4,21.6,16.7,18.1,51.1,15.5,12.6,15.4,47.8,'22-23
25,26,Orlando Magic,39,14,25,48.3,16.3,14.5,11.9,48.4,18.6,13.3,15.1,48.6,'22-23
26,27,San Antonio Spurs,39,13,26,48.1,16.9,15.7,14.5,54.3,19.6,14.3,14.4,54.9,'22-23
27,28,Charlotte Hornets,40,11,29,48.8,19.2,16.1,14.6,54.2,16.9,14.5,12.0,51.2,'22-23
28,28,Detroit Pistons,42,11,31,48.4,16.4,16.0,11.0,45.7,18.0,14.7,13.1,54.4,'22-23
29,30,Houston Rockets,39,10,29,48.3,15.8,17.1,11.2,49.9,21.5,13.3,17.2,47.0,'22-23
